{
	"__comment": "Designed by neo_0815 with Cubik Studio - https://cubik.studio",
	"textures": {
		"particle": "blocks/cake_side",
		"bottom": "blocks/cake_bottom",
		"top": "blocks/cake_top",
		"side": "blocks/cake_side"
	},
	"elements": [ 	 
		{
			"__comment": "Box1",
			"from": [ 1, 0, 1 ],
			"to": [ 15, 5, 15 ],
			"faces": {
				"down": { "uv": [ 1, 1, 15, 15 ], "texture": "#bottom" },
				"up": { "uv": [ 1, 1, 15, 15 ], "texture": "#bottom" },
				"north": { "uv": [ 1, 12, 15, 16 ], "texture": "#side" },
				"south": { "uv": [ 1, 12, 15, 16 ], "texture": "#side" },
				"west": { "uv": [ 1, 12, 15, 16 ], "texture": "#side" },
				"east": { "uv": [ 1, 12, 15, 16 ], "texture": "#side" }
			}
		},
		{
			"__comment": "Box2",
			"from": [ 0.5, 5, 0.5 ],
			"to": [ 15.5, 8.5, 15.5 ],
			"faces": {
				"down": { "uv": [ 1, 1, 15, 15 ], "texture": "#top" },
				"up": { "uv": [ 1, 1, 15, 15 ], "texture": "#top" },
				"north": { "uv": [ 1, 8, 15, 11 ], "texture": "#side" },
				"south": { "uv": [ 1, 8, 15, 11 ], "texture": "#side" },
				"west": { "uv": [ 1, 8, 15, 11 ], "texture": "#side" },
				"east": { "uv": [ 1, 8, 15, 11 ], "texture": "#side" }
			}
		},
		{
			"__comment": "Box3",
			"from": [ 0.5, 4, 0.5 ],
			"to": [ 2.5, 5, 2.5 ],
			"faces": {
				"down": { "uv": [ 1, 1, 3, 2 ], "texture": "#top" },
				"up": { "uv": [ 1, 14, 3, 15 ], "texture": "#top" },
				"north": { "uv": [ 13, 11, 15, 12 ], "texture": "#side" },
				"south": { "uv": [ 1, 11, 3, 12 ], "texture": "#side" },
				"west": { "uv": [ 13, 11, 15, 12 ], "texture": "#side" },
				"east": { "uv": [ 1, 11, 3, 12 ], "texture": "#side" }
			}
		},
		{
			"__comment": "Box4",
			"from": [ 0.5, 4, 13.5 ],
			"to": [ 2.5, 5, 15.5 ],
			"faces": {
				"down": { "uv": [ 1, 1, 3, 2 ], "texture": "#top" },
				"up": { "uv": [ 1, 14, 3, 15 ], "texture": "#top" },
				"north": { "uv": [ 13, 11, 15, 12 ], "texture": "#side" },
				"south": { "uv": [ 1, 11, 3, 12 ], "texture": "#side" },
				"west": { "uv": [ 13, 11, 15, 12 ], "texture": "#side" },
				"east": { "uv": [ 1, 11, 3, 12 ], "texture": "#side" }
			}
		},
		{
			"__comment": "Box5",
			"from": [ 13.5, 4, 0.5 ],
			"to": [ 15.5, 5, 2.5 ],
			"faces": {
				"down": { "uv": [ 1, 1, 3, 2 ], "texture": "#top" },
				"up": { "uv": [ 1, 14, 3, 15 ], "texture": "#top" },
				"north": { "uv": [ 13, 11, 15, 12 ], "texture": "#side" },
				"south": { "uv": [ 1, 11, 3, 12 ], "texture": "#side" },
				"west": { "uv": [ 13, 11, 15, 12 ], "texture": "#side" },
				"east": { "uv": [ 1, 11, 3, 12 ], "texture": "#side" }
			}
		},
		{
			"__comment": "Box6",
			"from": [ 13.5, 4, 13.5 ],
			"to": [ 15.5, 5, 15.5 ],
			"faces": {
				"down": { "uv": [ 1, 1, 3, 2 ], "texture": "#top" },
				"up": { "uv": [ 1, 14, 3, 15 ], "texture": "#top" },
				"north": { "uv": [ 13, 11, 15, 12 ], "texture": "#side" },
				"south": { "uv": [ 1, 11, 3, 12 ], "texture": "#side" },
				"west": { "uv": [ 13, 11, 15, 12 ], "texture": "#side" },
				"east": { "uv": [ 1, 11, 3, 12 ], "texture": "#side" }
			}
		},
		{
			"__comment": "Box7",
			"from": [ 5, 4, 0.5 ],
			"to": [ 7, 5, 2.5 ],
			"faces": {
				"down": { "uv": [ 1, 1, 3, 2 ], "texture": "#top" },
				"up": { "uv": [ 1, 14, 3, 15 ], "texture": "#top" },
				"north": { "uv": [ 13, 11, 15, 12 ], "texture": "#side" },
				"south": { "uv": [ 1, 11, 3, 12 ], "texture": "#side" },
				"west": { "uv": [ 13, 11, 15, 12 ], "texture": "#side" },
				"east": { "uv": [ 1, 11, 3, 12 ], "texture": "#side" }
			}
		},
		{
			"__comment": "Box8",
			"from": [ 9, 4, 0.5 ],
			"to": [ 11, 5, 2.5 ],
			"faces": {
				"down": { "uv": [ 1, 1, 3, 2 ], "texture": "#top" },
				"up": { "uv": [ 1, 14, 3, 15 ], "texture": "#top" },
				"north": { "uv": [ 13, 11, 15, 12 ], "texture": "#side" },
				"south": { "uv": [ 1, 11, 3, 12 ], "texture": "#side" },
				"west": { "uv": [ 13, 11, 15, 12 ], "texture": "#side" },
				"east": { "uv": [ 1, 11, 3, 12 ], "texture": "#side" }
			}
		},
		{
			"__comment": "Box9",
			"from": [ 5, 4, 13.5 ],
			"to": [ 7, 5, 15.5 ],
			"faces": {
				"down": { "uv": [ 1, 1, 3, 2 ], "texture": "#top" },
				"up": { "uv": [ 1, 14, 3, 15 ], "texture": "#top" },
				"north": { "uv": [ 13, 11, 15, 12 ], "texture": "#side" },
				"south": { "uv": [ 1, 11, 3, 12 ], "texture": "#side" },
				"west": { "uv": [ 13, 11, 15, 12 ], "texture": "#side" },
				"east": { "uv": [ 1, 11, 3, 12 ], "texture": "#side" }
			}
		},
		{
			"__comment": "Box10",
			"from": [ 9, 4, 13.5 ],
			"to": [ 11, 5, 15.5 ],
			"faces": {
				"down": { "uv": [ 1, 1, 3, 2 ], "texture": "#top" },
				"up": { "uv": [ 1, 14, 3, 15 ], "texture": "#top" },
				"north": { "uv": [ 13, 11, 15, 12 ], "texture": "#side" },
				"south": { "uv": [ 1, 11, 3, 12 ], "texture": "#side" },
				"west": { "uv": [ 13, 11, 15, 12 ], "texture": "#side" },
				"east": { "uv": [ 1, 11, 3, 12 ], "texture": "#side" }
			}
		},
		{
			"__comment": "Box11",
			"from": [ 0.5, 4, 5 ],
			"to": [ 2.5, 5, 7 ],
			"faces": {
				"down": { "uv": [ 1, 1, 3, 2 ], "texture": "#top" },
				"up": { "uv": [ 1, 14, 3, 15 ], "texture": "#top" },
				"north": { "uv": [ 13, 11, 15, 12 ], "texture": "#side" },
				"south": { "uv": [ 1, 11, 3, 12 ], "texture": "#side" },
				"west": { "uv": [ 13, 11, 15, 12 ], "texture": "#side" },
				"east": { "uv": [ 1, 11, 3, 12 ], "texture": "#side" }
			}
		},
		{
			"__comment": "Box12",
			"from": [ 0.5, 4, 9 ],
			"to": [ 2.5, 5, 11 ],
			"faces": {
				"down": { "uv": [ 1, 1, 3, 2 ], "texture": "#top" },
				"up": { "uv": [ 1, 14, 3, 15 ], "texture": "#top" },
				"north": { "uv": [ 13, 11, 15, 12 ], "texture": "#side" },
				"south": { "uv": [ 1, 11, 3, 12 ], "texture": "#side" },
				"west": { "uv": [ 13, 11, 15, 12 ], "texture": "#side" },
				"east": { "uv": [ 1, 11, 3, 12 ], "texture": "#side" }
			}
		},
		{
			"__comment": "Box13",
			"from": [ 13.5, 4, 5 ],
			"to": [ 15.5, 5, 7 ],
			"faces": {
				"down": { "uv": [ 1, 1, 3, 2 ], "texture": "#top" },
				"up": { "uv": [ 1, 14, 3, 15 ], "texture": "#top" },
				"north": { "uv": [ 13, 11, 15, 12 ], "texture": "#side" },
				"south": { "uv": [ 1, 11, 3, 12 ], "texture": "#side" },
				"west": { "uv": [ 13, 11, 15, 12 ], "texture": "#side" },
				"east": { "uv": [ 1, 11, 3, 12 ], "texture": "#side" }
			}
		},
		{
			"__comment": "Box14",
			"from": [ 13.5, 4, 9 ],
			"to": [ 15.5, 5, 11 ],
			"faces": {
				"down": { "uv": [ 1, 1, 3, 2 ], "texture": "#top" },
				"up": { "uv": [ 1, 14, 3, 15 ], "texture": "#top" },
				"north": { "uv": [ 13, 11, 15, 12 ], "texture": "#side" },
				"south": { "uv": [ 1, 11, 3, 12 ], "texture": "#side" },
				"west": { "uv": [ 13, 11, 15, 12 ], "texture": "#side" },
				"east": { "uv": [ 1, 11, 3, 12 ], "texture": "#side" }
			}
		},
		{
			"__comment": "Box15",
			"from": [ 2.75, 8.5, 3.75 ],
			"to": [ 4.75, 9.5, 5.75 ],
			"faces": {
				"down": { "uv": [ 2.5, 10, 5, 12.5 ], "texture": "#bottom" },
				"up": { "uv": [ 3, 4, 5, 6 ], "texture": "#top" },
				"north": { "uv": [ 5, 4, 3, 6 ], "texture": "#top" },
				"south": { "uv": [ 3, 5, 5, 6 ], "texture": "#top" },
				"west": { "uv": [ 3, 4, 5, 6 ], "texture": "#top" },
				"east": { "uv": [ 3, 5, 5, 6 ], "texture": "#top" }
			}
		},
		{
			"__comment": "Box16",
			"from": [ 7, 8.5, 7 ],
			"to": [ 9, 9.5, 9 ],
			"faces": {
				"down": { "uv": [ 2.5, 10, 5, 12.5 ], "texture": "#bottom" },
				"up": { "uv": [ 7, 7, 9, 9 ], "texture": "#top" },
				"north": { "uv": [ 9, 7, 7, 9 ], "texture": "#top" },
				"south": { "uv": [ 7, 8, 9, 9 ], "texture": "#top" },
				"west": { "uv": [ 7, 7, 9, 9 ], "texture": "#top" },
				"east": { "uv": [ 7, 8, 9, 9 ], "texture": "#top" }
			}
		},
		{
			"__comment": "Box17",
			"from": [ 11.25, 8.5, 8 ],
			"to": [ 13.25, 9.5, 10 ],
			"faces": {
				"down": { "uv": [ 2.5, 10, 5, 12.5 ], "texture": "#bottom" },
				"up": { "uv": [ 8, 11, 10, 13 ], "texture": "#top" },
				"north": { "uv": [ 10, 11, 8, 13 ], "texture": "#top" },
				"south": { "uv": [ 8, 12, 10, 13 ], "texture": "#top" },
				"west": { "uv": [ 8, 11, 10, 13 ], "texture": "#top" },
				"east": { "uv": [ 8, 12, 10, 13 ], "texture": "#top" }
			}
		},
		{
			"__comment": "Box18",
			"from": [ 8.125, 8.5, 11.25 ],
			"to": [ 10.125, 9.5, 13.25 ],
			"faces": {
				"down": { "uv": [ 2.5, 10, 5, 12.5 ], "texture": "#bottom" },
				"up": { "uv": [ 8, 11, 10, 13 ], "texture": "#top" },
				"north": { "uv": [ 10, 11, 8, 13 ], "texture": "#top" },
				"south": { "uv": [ 8, 12, 10, 13 ], "texture": "#top" },
				"west": { "uv": [ 8, 11, 10, 13 ], "texture": "#top" },
				"east": { "uv": [ 8, 12, 10, 13 ], "texture": "#top" }
			}
		},
		{
			"__comment": "Box19",
			"from": [ 1.625, 8.5, 6.875 ],
			"to": [ 2.625, 9.5, 7.875 ],
			"faces": {
				"down": { "uv": [ 1.5, 8, 2.5, 9 ], "texture": "#bottom" },
				"up": { "uv": [ 2, 7, 3, 8 ], "texture": "#top" },
				"north": { "uv": [ 2, 7, 3, 8 ], "texture": "#top" },
				"south": { "uv": [ 2, 7, 3, 8 ], "texture": "#top" },
				"west": { "uv": [ 2, 7, 3, 8 ], "texture": "#top" },
				"east": { "uv": [ 2, 7, 3, 8 ], "texture": "#top" }
			}
		},
		{
			"__comment": "Box20",
			"from": [ 3.75, 8.5, 9.125 ],
			"to": [ 4.75, 9.5, 10.125 ],
			"faces": {
				"down": { "uv": [ 1.5, 8, 2.5, 9 ], "texture": "#bottom" },
				"up": { "uv": [ 9, 4, 10, 5 ], "texture": "#top" },
				"north": { "uv": [ 9, 4, 10, 5 ], "texture": "#top" },
				"south": { "uv": [ 9, 4, 10, 5 ], "texture": "#top" },
				"west": { "uv": [ 9, 4, 10, 5 ], "texture": "#top" },
				"east": { "uv": [ 9, 4, 10, 5 ], "texture": "#top" }
			}
		},
		{
			"__comment": "Box21",
			"from": [ 2.75, 8.5, 13.375 ],
			"to": [ 3.75, 9.5, 14.375 ],
			"faces": {
				"down": { "uv": [ 1.5, 8, 2.5, 9 ], "texture": "#bottom" },
				"up": { "uv": [ 9, 4, 10, 5 ], "texture": "#top" },
				"north": { "uv": [ 9, 4, 10, 5 ], "texture": "#top" },
				"south": { "uv": [ 9, 4, 10, 5 ], "texture": "#top" },
				"west": { "uv": [ 9, 4, 10, 5 ], "texture": "#top" },
				"east": { "uv": [ 9, 4, 10, 5 ], "texture": "#top" }
			}
		},
		{
			"__comment": "Box22",
			"from": [ 9.125, 8.5, 3.75 ],
			"to": [ 10.125, 9.5, 4.75 ],
			"faces": {
				"down": { "uv": [ 1.5, 8, 2.5, 9 ], "texture": "#bottom" },
				"up": { "uv": [ 9, 4, 10, 5 ], "texture": "#top" },
				"north": { "uv": [ 9, 4, 10, 5 ], "texture": "#top" },
				"south": { "uv": [ 9, 4, 10, 5 ], "texture": "#top" },
				"west": { "uv": [ 9, 4, 10, 5 ], "texture": "#top" },
				"east": { "uv": [ 9, 4, 10, 5 ], "texture": "#top" }
			}
		},
		{
			"__comment": "Box23",
			"from": [ 12.25, 8.5, 1.625 ],
			"to": [ 13.25, 9.5, 2.625 ],
			"faces": {
				"down": { "uv": [ 1.5, 8, 2.5, 9 ], "texture": "#bottom" },
				"up": { "uv": [ 10, 6, 11, 7 ], "texture": "#top" },
				"north": { "uv": [ 10, 6, 11, 7 ], "texture": "#top" },
				"south": { "uv": [ 10, 6, 11, 7 ], "texture": "#top" },
				"west": { "uv": [ 10, 6, 11, 7 ], "texture": "#top" },
				"east": { "uv": [ 10, 6, 11, 7 ], "texture": "#top" }
			}
		},
		{
			"__comment": "Box24",
			"from": [ 10.125, 8.5, 5.875 ],
			"to": [ 11.125, 9.5, 6.875 ],
			"faces": {
				"down": { "uv": [ 1.5, 8, 2.5, 9 ], "texture": "#bottom" },
				"up": { "uv": [ 10, 6, 11, 7 ], "texture": "#top" },
				"north": { "uv": [ 10, 6, 11, 7 ], "texture": "#top" },
				"south": { "uv": [ 10, 6, 11, 7 ], "texture": "#top" },
				"west": { "uv": [ 10, 6, 11, 7 ], "texture": "#top" },
				"east": { "uv": [ 10, 6, 11, 7 ], "texture": "#top" }
			}
		}
	],
	"display": {
		"thirdperson_righthand": {
			"rotation":  [ 75, 45, 0 ],
			"translation":  [ 0, 2.5, 1 ],
			"scale":  [ 0.5, 0.5, 0.5 ]
		},
		"thirdperson_lefthand": {
			"rotation":  [ 75, -45, 0 ],
			"translation":  [ 0, 2.5, 1 ],
			"scale":  [ 0.5, 0.5, 0.5 ]
		},
		"firstperson_righthand": {
			"rotation":  [ 0, 45, 0 ],
			"scale":  [ 0.5, 0.5, 0.5 ]
		},
		"firstperson_lefthand": {
			"rotation":  [ 0, -45, 0 ],
			"scale":  [ 0.5, 0.5, 0.5 ]
		},
		"gui": {
			"rotation":  [ 30, 225, 0 ],
			"scale":  [ 0.625, 0.625, 0.625 ]
		},
		"head": {
			"translation":  [ 0, 11.825, 0 ]
		},
		"ground": {
			"translation":  [ 0, 2, 0 ],
			"scale":  [ 0.5, 0.5, 0.5 ]
		},
		"fixed": {
			"rotation":  [ -23, -16, -14 ],
			"scale":  [ 0.5, 0.5, 0.5 ]
		}
	}
}