{
	"__comment": "Designed by neo_0815 with Cubik Studio - https://cubik.studio",
	"ambientocclusion": false,
	"textures": {
		"particle": "blocks/ladder",
		"texture": "blocks/ladder"
	},
	"elements": [ 	 
		{
			"__comment": "Box1",
			"from": [ 2, 0, 14 ],
			"to": [ 4, 16, 16 ],
			"faces": {
				"down": { "uv": [ 12, 15, 14, 16 ], "texture": "#texture" },
				"up": { "uv": [ 12, 0, 14, 1 ], "texture": "#texture" },
				"north": { "uv": [ 12, 0, 14, 16 ], "texture": "#texture" },
				"south": { "uv": [ 2, 0, 4, 16 ], "texture": "#texture" },
				"west": { "uv": [ 13, 0, 14, 16 ], "texture": "#texture" },
				"east": { "uv": [ 2, 0, 3, 16 ], "texture": "#texture" }
			}
		},
		{
			"__comment": "Box2",
			"from": [ 12, 0, 14 ],
			"to": [ 14, 16, 16 ],
			"faces": {
				"down": { "uv": [ 2, 15, 4, 16 ], "texture": "#texture" },
				"up": { "uv": [ 2, 0, 4, 1 ], "texture": "#texture" },
				"north": { "uv": [ 12, 0, 14, 16 ], "texture": "#texture" },
				"south": { "uv": [ 2, 0, 4, 16 ], "texture": "#texture" },
				"west": { "uv": [ 13, 0, 14, 16 ], "texture": "#texture" },
				"east": { "uv": [ 2, 0, 3, 16 ], "texture": "#texture" }
			}
		},
		{
			"__comment": "Box3",
			"from": [ 1, 13, 14.5 ],
			"to": [ 15, 15, 15.5 ],
			"faces": {
				"down": { "uv": [ 1, 1, 15, 2 ], "texture": "#texture" },
				"up": { "uv": [ 1, 2, 15, 3 ], "texture": "#texture" },
				"north": { "uv": [ 1, 1, 15, 3 ], "texture": "#texture" },
				"south": { "uv": [ 1, 1, 15, 3 ], "texture": "#texture" },
				"west": { "uv": [ 14, 1, 15, 3 ], "texture": "#texture" },
				"east": { "uv": [ 1, 1, 2, 3 ], "texture": "#texture" }
			}
		},
		{
			"__comment": "Box4",
			"from": [ 1, 9, 14.5 ],
			"to": [ 15, 11, 15.5 ],
			"faces": {
				"down": { "uv": [ 1, 5, 15, 6 ], "texture": "#texture" },
				"up": { "uv": [ 1, 6, 15, 7 ], "texture": "#texture" },
				"north": { "uv": [ 1, 5, 15, 7 ], "texture": "#texture" },
				"south": { "uv": [ 1, 5, 15, 7 ], "texture": "#texture" },
				"west": { "uv": [ 14, 5, 15, 7 ], "texture": "#texture" },
				"east": { "uv": [ 1, 5, 2, 7 ], "texture": "#texture" }
			}
		},
		{
			"__comment": "Box5",
			"from": [ 1, 5, 14.5 ],
			"to": [ 15, 7, 15.5 ],
			"faces": {
				"down": { "uv": [ 1, 9, 15, 10 ], "texture": "#texture" },
				"up": { "uv": [ 1, 10, 15, 11 ], "texture": "#texture" },
				"north": { "uv": [ 1, 9, 15, 11 ], "texture": "#texture" },
				"south": { "uv": [ 1, 9, 15, 11 ], "texture": "#texture" },
				"west": { "uv": [ 14, 9, 15, 11 ], "texture": "#texture" },
				"east": { "uv": [ 1, 9, 2, 11 ], "texture": "#texture" }
			}
		},
		{
			"__comment": "Box6",
			"from": [ 1, 1, 14.5 ],
			"to": [ 15, 3, 15.5 ],
			"faces": {
				"down": { "uv": [ 1, 13, 15, 14 ], "texture": "#texture" },
				"up": { "uv": [ 1, 14, 15, 15 ], "texture": "#texture" },
				"north": { "uv": [ 1, 13, 15, 15 ], "texture": "#texture" },
				"south": { "uv": [ 1, 13, 15, 15 ], "texture": "#texture" },
				"west": { "uv": [ 14, 13, 15, 15 ], "texture": "#texture" },
				"east": { "uv": [ 1, 13, 2, 15 ], "texture": "#texture" }
			}
		}
	],
	"display": {
		"thirdperson_righthand": {
			"rotation":  [ 75, 45, 0 ],
			"translation":  [ 0, 2.5, 0 ],
			"scale":  [ 0.375, 0.375, 0.375 ]
		},
		"thirdperson_lefthand": {
			"rotation":  [ 75, 45, 0 ],
			"translation":  [ 0, 2.5, 0 ],
			"scale":  [ 0.375, 0.375, 0.375 ]
		},
		"firstperson_righthand": {
			"rotation":  [ 0, -90, 25 ],
			"translation":  [ 1.13, 3.2, 1.13 ],
			"scale":  [ 0.68, 0.68, 0.68 ]
		},
		"firstperson_lefthand": {
			"rotation":  [ 0, 90, -25 ],
			"translation":  [ 1.13, 3.2, 1.13 ],
			"scale":  [ 0.68, 0.68, 0.68 ]
		},
		"gui": {
			"rotation":  [ 30, 225, 0 ],
			"translation":  [ 2.5, -1, 0 ],
			"scale":  [ 0.625, 0.625, 0.625 ]
		},
		"head": {
			"translation":  [ 0, 0, 0.75 ]
		},
		"ground": {
			"translation":  [ 0, 3, 0 ],
			"scale":  [ 0.25, 0.25, 0.25 ]
		},
		"fixed": {
			"translation":  [ 0, 0, -2.8 ],
			"scale":  [ 0.5, 0.5, 0.5 ]
		}
	}
}