{
	"__comment": "Designed by neo_0815 with Cubik Studio - https://cubik.studio",
	"parent": "block/block",
	"textures": {
		"texture": "blocks/sugar_cane",
		"particle": "blocks/sugar_cane"
	},
	"elements": [ 	 
		{
			"__comment": "Cane",
			"from": [ 1, 0, 1 ],
			"to": [ 3, 16, 3 ],
			"faces": {
				"down": { "uv": [ 1, 14, 3, 16 ], "texture": "#texture" },
				"up": { "uv": [ 3, 0, 1, 2 ], "texture": "#texture" },
				"north": { "uv": [ 1, 0, 3, 16 ], "texture": "#texture" },
				"south": { "uv": [ 1, 0, 3, 16 ], "texture": "#texture" },
				"west": { "uv": [ 3, 0, 1, 16 ], "texture": "#texture" },
				"east": { "uv": [ 3, 0, 1, 16 ], "texture": "#texture" }
			}
		},
		{
			"__comment": "Cane",
			"from": [ 9.5, 0, 1.5 ],
			"to": [ 11.5, 16, 3.5 ],
			"faces": {
				"down": { "uv": [ 1, 14, 3, 16 ], "texture": "#texture" },
				"up": { "uv": [ 7, 0, 5, 2 ], "texture": "#texture" },
				"north": { "uv": [ 5, 0, 7, 16 ], "texture": "#texture" },
				"south": { "uv": [ 5, 0, 7, 16 ], "texture": "#texture" },
				"west": { "uv": [ 7, 0, 5, 16 ], "texture": "#texture" },
				"east": { "uv": [ 7, 0, 5, 16 ], "texture": "#texture" }
			}
		},
		{
			"__comment": "Cane",
			"from": [ 4.5, 0, 6 ],
			"to": [ 6.5, 16, 8 ],
			"faces": {
				"down": { "uv": [ 1, 14, 3, 16 ], "texture": "#texture" },
				"up": { "uv": [ 7, 0, 5, 2 ], "texture": "#texture" },
				"north": { "uv": [ 5, 0, 7, 16 ], "texture": "#texture" },
				"south": { "uv": [ 5, 0, 7, 16 ], "texture": "#texture" },
				"west": { "uv": [ 7, 0, 5, 16 ], "texture": "#texture" },
				"east": { "uv": [ 7, 0, 5, 16 ], "texture": "#texture" }
			}
		},
		{
			"__comment": "Cane",
			"from": [ 13, 0, 13 ],
			"to": [ 15, 16, 15 ],
			"faces": {
				"down": { "uv": [ 1, 14, 3, 16 ], "texture": "#texture" },
				"up": { "uv": [ 7, 0, 5, 2 ], "texture": "#texture" },
				"north": { "uv": [ 5, 0, 7, 16 ], "texture": "#texture" },
				"south": { "uv": [ 5, 0, 7, 16 ], "texture": "#texture" },
				"west": { "uv": [ 7, 0, 5, 16 ], "texture": "#texture" },
				"east": { "uv": [ 7, 0, 5, 16 ], "texture": "#texture" }
			}
		},
		{
			"__comment": "Cane",
			"from": [ 2, 0, 12.5 ],
			"to": [ 4, 16, 14.5 ],
			"faces": {
				"down": { "uv": [ 1, 14, 3, 16 ], "texture": "#texture" },
				"up": { "uv": [ 7, 0, 5, 2 ], "texture": "#texture" },
				"north": { "uv": [ 5, 0, 7, 16 ], "texture": "#texture" },
				"south": { "uv": [ 5, 0, 7, 16 ], "texture": "#texture" },
				"west": { "uv": [ 7, 0, 5, 16 ], "texture": "#texture" },
				"east": { "uv": [ 7, 0, 5, 16 ], "texture": "#texture" }
			}
		},
		{
			"__comment": "Cane",
			"from": [ 10, 0, 8 ],
			"to": [ 12, 16, 10 ],
			"faces": {
				"down": { "uv": [ 1, 14, 3, 16 ], "texture": "#texture" },
				"up": { "uv": [ 7, 0, 5, 2 ], "texture": "#texture" },
				"north": { "uv": [ 5, 0, 7, 16 ], "texture": "#texture" },
				"south": { "uv": [ 5, 0, 7, 16 ], "texture": "#texture" },
				"west": { "uv": [ 7, 0, 5, 16 ], "texture": "#texture" },
				"east": { "uv": [ 7, 0, 5, 16 ], "texture": "#texture" }
			}
		},
		{
			"__comment": "Leaf",
			"from": [ 0, 7, 2 ],
			"to": [ 2, 8, 4 ],
			"faces": {
				"down": { "uv": [ 0, 8, 1, 9 ], "texture": "#texture" },
				"up": { "uv": [ 0, 8, 1, 9 ], "texture": "#texture" },
				"north": { "uv": [ 0, 8, 1, 9 ], "texture": "#texture" },
				"south": { "uv": [ 0, 8, 1, 9 ], "texture": "#texture" },
				"west": { "uv": [ 0, 8, 1, 9 ], "texture": "#texture" },
				"east": { "uv": [ 0, 8, 1, 9 ], "texture": "#texture" }
			}
		},
		{
			"__comment": "Leaf",
			"from": [ 12, 6, 12 ],
			"to": [ 14, 7, 14 ],
			"faces": {
				"down": { "uv": [ 0, 8, 1, 9 ], "texture": "#texture" },
				"up": { "uv": [ 0, 8, 1, 9 ], "texture": "#texture" },
				"north": { "uv": [ 0, 8, 1, 9 ], "texture": "#texture" },
				"south": { "uv": [ 0, 8, 1, 9 ], "texture": "#texture" },
				"west": { "uv": [ 0, 8, 1, 9 ], "texture": "#texture" },
				"east": { "uv": [ 0, 8, 1, 9 ], "texture": "#texture" }
			}
		},
		{
			"__comment": "Leaf",
			"from": [ 5.5, 5, 7 ],
			"to": [ 7.5, 6, 9 ],
			"faces": {
				"down": { "uv": [ 0, 8, 1, 9 ], "texture": "#texture" },
				"up": { "uv": [ 0, 8, 1, 9 ], "texture": "#texture" },
				"north": { "uv": [ 0, 8, 1, 9 ], "texture": "#texture" },
				"south": { "uv": [ 0, 8, 1, 9 ], "texture": "#texture" },
				"west": { "uv": [ 0, 8, 1, 9 ], "texture": "#texture" },
				"east": { "uv": [ 0, 8, 1, 9 ], "texture": "#texture" }
			}
		},
		{
			"__comment": "Leaf",
			"from": [ 9, 9, 7 ],
			"to": [ 11, 10, 9 ],
			"faces": {
				"down": { "uv": [ 0, 8, 1, 9 ], "texture": "#texture" },
				"up": { "uv": [ 0, 8, 1, 9 ], "texture": "#texture" },
				"north": { "uv": [ 0, 8, 1, 9 ], "texture": "#texture" },
				"south": { "uv": [ 0, 8, 1, 9 ], "texture": "#texture" },
				"west": { "uv": [ 0, 8, 1, 9 ], "texture": "#texture" },
				"east": { "uv": [ 0, 8, 1, 9 ], "texture": "#texture" }
			}
		},
		{
			"__comment": "Leaf",
			"from": [ 10.5, 3, 0.5 ],
			"to": [ 12.5, 4, 2.5 ],
			"faces": {
				"down": { "uv": [ 0, 8, 1, 9 ], "texture": "#texture" },
				"up": { "uv": [ 0, 8, 1, 9 ], "texture": "#texture" },
				"north": { "uv": [ 0, 8, 1, 9 ], "texture": "#texture" },
				"south": { "uv": [ 0, 8, 1, 9 ], "texture": "#texture" },
				"west": { "uv": [ 0, 8, 1, 9 ], "texture": "#texture" },
				"east": { "uv": [ 0, 8, 1, 9 ], "texture": "#texture" }
			}
		},
		{
			"__comment": "Leaf",
			"from": [ 2, 3, 0 ],
			"to": [ 4, 4, 2 ],
			"faces": {
				"down": { "uv": [ 0, 8, 1, 9 ], "texture": "#texture" },
				"up": { "uv": [ 0, 8, 1, 9 ], "texture": "#texture" },
				"north": { "uv": [ 0, 8, 1, 9 ], "texture": "#texture" },
				"south": { "uv": [ 0, 8, 1, 9 ], "texture": "#texture" },
				"west": { "uv": [ 0, 8, 1, 9 ], "texture": "#texture" },
				"east": { "uv": [ 0, 8, 1, 9 ], "texture": "#texture" }
			}
		},
		{
			"__comment": "Leaf",
			"from": [ 3, 13, 11.5 ],
			"to": [ 5, 14, 13.5 ],
			"faces": {
				"down": { "uv": [ 0, 8, 1, 9 ], "texture": "#texture" },
				"up": { "uv": [ 0, 8, 1, 9 ], "texture": "#texture" },
				"north": { "uv": [ 0, 8, 1, 9 ], "texture": "#texture" },
				"south": { "uv": [ 0, 8, 1, 9 ], "texture": "#texture" },
				"west": { "uv": [ 0, 8, 1, 9 ], "texture": "#texture" },
				"east": { "uv": [ 0, 8, 1, 9 ], "texture": "#texture" }
			}
		},
		{
			"__comment": "Leaf",
			"from": [ 1, 4.5, 13.5 ],
			"to": [ 3, 5.5, 15.5 ],
			"faces": {
				"down": { "uv": [ 0, 8, 1, 9 ], "texture": "#texture" },
				"up": { "uv": [ 0, 8, 1, 9 ], "texture": "#texture" },
				"north": { "uv": [ 0, 8, 1, 9 ], "texture": "#texture" },
				"south": { "uv": [ 0, 8, 1, 9 ], "texture": "#texture" },
				"west": { "uv": [ 0, 8, 1, 9 ], "texture": "#texture" },
				"east": { "uv": [ 0, 8, 1, 9 ], "texture": "#texture" }
			}
		},
		{
			"__comment": "Leaf",
			"from": [ 14, 10.5, 14 ],
			"to": [ 16, 11.5, 16 ],
			"faces": {
				"down": { "uv": [ 0, 8, 1, 9 ], "texture": "#texture" },
				"up": { "uv": [ 0, 8, 1, 9 ], "texture": "#texture" },
				"north": { "uv": [ 0, 8, 1, 9 ], "texture": "#texture" },
				"south": { "uv": [ 0, 8, 1, 9 ], "texture": "#texture" },
				"west": { "uv": [ 0, 8, 1, 9 ], "texture": "#texture" },
				"east": { "uv": [ 0, 8, 1, 9 ], "texture": "#texture" }
			}
		},
		{
			"__comment": "Leaf",
			"from": [ 5.5, 12, 5 ],
			"to": [ 7.5, 13, 7 ],
			"faces": {
				"down": { "uv": [ 0, 8, 1, 9 ], "texture": "#texture" },
				"up": { "uv": [ 0, 8, 1, 9 ], "texture": "#texture" },
				"north": { "uv": [ 0, 8, 1, 9 ], "texture": "#texture" },
				"south": { "uv": [ 0, 8, 1, 9 ], "texture": "#texture" },
				"west": { "uv": [ 0, 8, 1, 9 ], "texture": "#texture" },
				"east": { "uv": [ 0, 8, 1, 9 ], "texture": "#texture" }
			}
		},
		{
			"__comment": "Leaf",
			"from": [ 8.5, 6, 2.5 ],
			"to": [ 10.5, 7, 4.5 ],
			"faces": {
				"down": { "uv": [ 0, 8, 1, 9 ], "texture": "#texture" },
				"up": { "uv": [ 0, 8, 1, 9 ], "texture": "#texture" },
				"north": { "uv": [ 0, 8, 1, 9 ], "texture": "#texture" },
				"south": { "uv": [ 0, 8, 1, 9 ], "texture": "#texture" },
				"west": { "uv": [ 0, 8, 1, 9 ], "texture": "#texture" },
				"east": { "uv": [ 0, 8, 1, 9 ], "texture": "#texture" }
			}
		}
	]
}