{
	"__comment": "Designed by neo_0815 with Cubik Studio - https://cubik.studio",
	"textures": {
		"ore": "blocks/diamond_ore",
		"particle": "#ore",
		"texture": "blocks/stone"
	},
	"elements": [ 	 
		{
			"__comment": "Ore",
			"from": [ 1, 1, 1 ],
			"to": [ 15, 15, 15 ],
			"faces": {
				"down": { "uv": [ 1, 1, 15, 15 ], "texture": "#ore" },
				"up": { "uv": [ 1, 1, 15, 15 ], "texture": "#ore" },
				"north": { "uv": [ 1, 1, 15, 15 ], "texture": "#ore" },
				"south": { "uv": [ 1, 1, 15, 15 ], "texture": "#ore" },
				"west": { "uv": [ 1, 1, 15, 15 ], "texture": "#ore" },
				"east": { "uv": [ 1, 1, 15, 15 ], "texture": "#ore" }
			}
		},
		{
			"__comment": "Stone",
			"from": [ 0, 14, 0 ],
			"to": [ 16, 16, 2 ],
			"faces": {
				"down": { "uv": [ 0, 0, 16, 2 ], "texture": "#texture" },
				"up": { "uv": [ 0, 0, 16, 2 ], "texture": "#texture" },
				"north": { "uv": [ 0, 0, 16, 2 ], "texture": "#texture" },
				"south": { "uv": [ 0, 0, 16, 2 ], "texture": "#texture" },
				"west": { "uv": [ 0, 0, 2, 2 ], "texture": "#texture" },
				"east": { "uv": [ 14, 0, 16, 2 ], "texture": "#texture" }
			}
		},
		{
			"__comment": "Stone1",
			"from": [ 0, 14, 14 ],
			"to": [ 16, 16, 16 ],
			"faces": {
				"down": { "uv": [ 0, 14, 15.5, 16 ], "texture": "#texture" },
				"up": { "uv": [ 0, 0, 16, 2 ], "texture": "#texture" },
				"north": { "uv": [ 0, 0, 16, 2 ], "texture": "#texture" },
				"south": { "uv": [ 0, 0, 16, 2 ], "texture": "#texture" },
				"west": { "uv": [ 14, 0, 16, 2 ], "texture": "#texture" },
				"east": { "uv": [ 0, 0, 2, 2 ], "texture": "#texture" }
			}
		},
		{
			"__comment": "Stone2",
			"from": [ 0, 14, 2 ],
			"to": [ 1, 16, 14 ],
			"faces": {
				"down": { "uv": [ 0, 2, 1, 14 ], "texture": "#texture" },
				"up": { "uv": [ 0, 2, 1, 14 ], "texture": "#texture" },
				"north": { "uv": [ 15, 0, 16, 2 ], "texture": "#texture" },
				"south": { "uv": [ 0, 0, 1, 2 ], "texture": "#texture" },
				"west": { "uv": [ 2, 0, 14, 2 ], "texture": "#texture" },
				"east": { "uv": [ 2, 0, 14, 2 ], "texture": "#texture" }
			}
		},
		{
			"__comment": "Stone3",
			"from": [ 14, 14, 2 ],
			"to": [ 16, 16, 14 ],
			"faces": {
				"down": { "uv": [ 14, 1, 16, 15 ], "texture": "#texture" },
				"up": { "uv": [ 14, 1, 16, 15 ], "texture": "#texture" },
				"north": { "uv": [ 14, 0, 16, 2 ], "texture": "#texture" },
				"south": { "uv": [ 0, 0, 2, 2 ], "texture": "#texture" },
				"west": { "uv": [ 1, 0, 15, 2 ], "texture": "#texture" },
				"east": { "uv": [ 2, 0, 14, 2 ], "texture": "#texture" }
			}
		},
		{
			"__comment": "Stone4",
			"from": [ 1, 15, 2 ],
			"to": [ 4, 16, 6 ],
			"faces": {
				"down": { "uv": [ 1, 10, 4, 14 ], "texture": "#texture" },
				"up": { "uv": [ 1, 2, 4, 6 ], "texture": "#texture" },
				"north": { "uv": [ 12, 0, 15, 1 ], "texture": "#texture" },
				"south": { "uv": [ 1, 0, 4, 1 ], "texture": "#texture" },
				"west": { "uv": [ 2, 0, 6, 1 ], "texture": "#texture" },
				"east": { "uv": [ 10, 0, 14, 1 ], "texture": "#texture" }
			}
		},
		{
			"__comment": "Stone5",
			"from": [ 0, 0, 14 ],
			"to": [ 16, 2, 16 ],
			"faces": {
				"down": { "uv": [ 0, 14, 15.5, 16 ], "texture": "#texture" },
				"up": { "uv": [ 0, 0, 16, 2 ], "texture": "#texture" },
				"north": { "uv": [ 0, 0, 16, 2 ], "texture": "#texture" },
				"south": { "uv": [ 0, 14, 16, 16 ], "texture": "#texture" },
				"west": { "uv": [ 14, 14, 16, 16 ], "texture": "#texture" },
				"east": { "uv": [ 0, 14, 2, 16 ], "texture": "#texture" }
			}
		},
		{
			"__comment": "Stone6",
			"from": [ 0, 0, 2 ],
			"to": [ 1, 2, 14 ],
			"faces": {
				"down": { "uv": [ 0, 2, 1, 14 ], "texture": "#texture" },
				"up": { "uv": [ 0, 2, 1, 14 ], "texture": "#texture" },
				"north": { "uv": [ 15, 0, 16, 2 ], "texture": "#texture" },
				"south": { "uv": [ 0, 0, 1, 2 ], "texture": "#texture" },
				"west": { "uv": [ 2, 14, 14, 16 ], "texture": "#texture" },
				"east": { "uv": [ 2, 0, 14, 2 ], "texture": "#texture" }
			}
		},
		{
			"__comment": "Stone7",
			"from": [ 0, 0, 0 ],
			"to": [ 16, 2, 2 ],
			"faces": {
				"down": { "uv": [ 0, 0, 16, 2 ], "texture": "#texture" },
				"up": { "uv": [ 0, 0, 16, 2 ], "texture": "#texture" },
				"north": { "uv": [ 0, 14, 16, 16 ], "texture": "#texture" },
				"south": { "uv": [ 0, 0, 16, 2 ], "texture": "#texture" },
				"west": { "uv": [ 0, 14, 2, 16 ], "texture": "#texture" },
				"east": { "uv": [ 14, 14, 16, 16 ], "texture": "#texture" }
			}
		},
		{
			"__comment": "Stone8",
			"from": [ 14, 0, 2 ],
			"to": [ 16, 2, 14 ],
			"faces": {
				"down": { "uv": [ 14, 1, 16, 15 ], "texture": "#texture" },
				"up": { "uv": [ 14, 1, 16, 15 ], "texture": "#texture" },
				"north": { "uv": [ 14, 0, 16, 2 ], "texture": "#texture" },
				"south": { "uv": [ 0, 0, 2, 2 ], "texture": "#texture" },
				"west": { "uv": [ 1, 0, 15, 2 ], "texture": "#texture" },
				"east": { "uv": [ 2, 14, 14, 16 ], "texture": "#texture" }
			}
		},
		{
			"__comment": "Stone9",
			"from": [ 4, 15, 3 ],
			"to": [ 5, 16, 6 ],
			"faces": {
				"down": { "uv": [ 4, 10, 5, 13 ], "texture": "#texture" },
				"up": { "uv": [ 4, 3, 5, 6 ], "texture": "#texture" },
				"north": { "uv": [ 11, 0, 12, 1 ], "texture": "#texture" },
				"south": { "uv": [ 4, 0, 5, 1 ], "texture": "#texture" },
				"west": { "uv": [ 3, 0, 6, 1 ], "texture": "#texture" },
				"east": { "uv": [ 10, 0, 13, 1 ], "texture": "#texture" }
			}
		},
		{
			"__comment": "Stone10",
			"from": [ 5, 15, 3 ],
			"to": [ 7, 16, 5 ],
			"faces": {
				"down": { "uv": [ 5, 11, 7, 13 ], "texture": "#texture" },
				"up": { "uv": [ 5, 3, 7, 5 ], "texture": "#texture" },
				"north": { "uv": [ 9, 0, 11, 1 ], "texture": "#texture" },
				"south": { "uv": [ 5, 0, 7, 1 ], "texture": "#texture" },
				"west": { "uv": [ 3, 0, 5, 1 ], "texture": "#texture" },
				"east": { "uv": [ 11, 0, 13, 1 ], "texture": "#texture" }
			}
		},
		{
			"__comment": "Stone11",
			"from": [ 5, 15, 2 ],
			"to": [ 12, 16, 3 ],
			"faces": {
				"down": { "uv": [ 5, 13, 12, 14 ], "texture": "#texture" },
				"up": { "uv": [ 5, 2, 12, 3 ], "texture": "#texture" },
				"north": { "uv": [ 4, 0, 11, 1 ], "texture": "#texture" },
				"south": { "uv": [ 5, 0, 12, 1 ], "texture": "#texture" },
				"west": { "uv": [ 2, 0, 3, 1 ], "texture": "#texture" },
				"east": { "uv": [ 13, 0, 14, 1 ], "texture": "#texture" }
			}
		},
		{
			"__comment": "Stone12",
			"from": [ 9, 15, 3 ],
			"to": [ 14, 16, 5 ],
			"faces": {
				"down": { "uv": [ 9, 11, 14, 13 ], "texture": "#texture" },
				"up": { "uv": [ 9, 3, 14, 5 ], "texture": "#texture" },
				"north": { "uv": [ 2, 0, 7, 1 ], "texture": "#texture" },
				"south": { "uv": [ 9, 0, 14, 1 ], "texture": "#texture" },
				"west": { "uv": [ 3, 0, 5, 1 ], "texture": "#texture" },
				"east": { "uv": [ 11, 0, 13, 1 ], "texture": "#texture" }
			}
		},
		{
			"__comment": "Stone13",
			"from": [ 11, 15, 13 ],
			"to": [ 14, 16, 14 ],
			"faces": {
				"down": { "uv": [ 11, 2, 14, 3 ], "texture": "#texture" },
				"up": { "uv": [ 11, 13, 14, 14 ], "texture": "#texture" },
				"north": { "uv": [ 2, 0, 5, 1 ], "texture": "#texture" },
				"south": { "uv": [ 11, 0, 14, 1 ], "texture": "#texture" },
				"west": { "uv": [ 13, 0, 14, 1 ], "texture": "#texture" },
				"east": { "uv": [ 2, 0, 3, 1 ], "texture": "#texture" }
			}
		},
		{
			"__comment": "Stone14",
			"from": [ 13, 15, 5 ],
			"to": [ 14, 16, 12 ],
			"faces": {
				"down": { "uv": [ 13, 4, 14, 11 ], "texture": "#texture" },
				"up": { "uv": [ 13, 5, 14, 12 ], "texture": "#texture" },
				"north": { "uv": [ 2, 0, 3, 1 ], "texture": "#texture" },
				"south": { "uv": [ 13, 0, 14, 1 ], "texture": "#texture" },
				"west": { "uv": [ 5, 0, 12, 1 ], "texture": "#texture" },
				"east": { "uv": [ 4, 0, 11, 1 ], "texture": "#texture" }
			}
		},
		{
			"__comment": "Stone15",
			"from": [ 12, 15, 5 ],
			"to": [ 13, 16, 11 ],
			"faces": {
				"down": { "uv": [ 12, 5, 13, 11 ], "texture": "#texture" },
				"up": { "uv": [ 12, 5, 13, 11 ], "texture": "#texture" },
				"north": { "uv": [ 3, 0, 4, 1 ], "texture": "#texture" },
				"south": { "uv": [ 12, 0, 13, 1 ], "texture": "#texture" },
				"west": { "uv": [ 5, 0, 11, 1 ], "texture": "#texture" },
				"east": { "uv": [ 5, 0, 11, 1 ], "texture": "#texture" }
			}
		},
		{
			"__comment": "Stone16",
			"from": [ 10, 15, 7 ],
			"to": [ 12, 16, 9 ],
			"faces": {
				"down": { "uv": [ 10, 7, 12, 9 ], "texture": "#texture" },
				"up": { "uv": [ 10, 7, 12, 9 ], "texture": "#texture" },
				"north": { "uv": [ 4, 0, 6, 1 ], "texture": "#texture" },
				"south": { "uv": [ 10, 0, 12, 1 ], "texture": "#texture" },
				"west": { "uv": [ 7, 0, 9, 1 ], "texture": "#texture" },
				"east": { "uv": [ 7, 0, 9, 1 ], "texture": "#texture" }
			}
		},
		{
			"__comment": "Stone17",
			"from": [ 7, 15, 4 ],
			"to": [ 9, 16, 6 ],
			"faces": {
				"down": { "uv": [ 7, 10, 9, 12 ], "texture": "#texture" },
				"up": { "uv": [ 7, 4, 9, 6 ], "texture": "#texture" },
				"north": { "uv": [ 7, 0, 9, 1 ], "texture": "#texture" },
				"south": { "uv": [ 7, 0, 9, 1 ], "texture": "#texture" },
				"west": { "uv": [ 4, 0, 6, 1 ], "texture": "#texture" },
				"east": { "uv": [ 10, 0, 12, 1 ], "texture": "#texture" }
			}
		},
		{
			"__comment": "Stone18",
			"from": [ 9, 15, 5 ],
			"to": [ 10, 16, 8 ],
			"faces": {
				"down": { "uv": [ 9, 8, 10, 11 ], "texture": "#texture" },
				"up": { "uv": [ 9, 5, 10, 8 ], "texture": "#texture" },
				"north": { "uv": [ 6, 0, 7, 1 ], "texture": "#texture" },
				"south": { "uv": [ 9, 0, 10, 1 ], "texture": "#texture" },
				"west": { "uv": [ 5, 0, 8, 1 ], "texture": "#texture" },
				"east": { "uv": [ 8, 0, 11, 1 ], "texture": "#texture" }
			}
		},
		{
			"__comment": "Stone19",
			"from": [ 8, 15, 6 ],
			"to": [ 9, 16, 8 ],
			"faces": {
				"down": { "uv": [ 8, 8, 9, 10 ], "texture": "#texture" },
				"up": { "uv": [ 8, 6, 9, 8 ], "texture": "#texture" },
				"north": { "uv": [ 7, 0, 8, 1 ], "texture": "#texture" },
				"south": { "uv": [ 8, 0, 9, 1 ], "texture": "#texture" },
				"west": { "uv": [ 6, 0, 8, 1 ], "texture": "#texture" },
				"east": { "uv": [ 8, 0, 10, 1 ], "texture": "#texture" }
			}
		},
		{
			"__comment": "Stone20",
			"from": [ 1, 15, 6 ],
			"to": [ 3, 16, 8 ],
			"faces": {
				"down": { "uv": [ 1, 8, 3, 10 ], "texture": "#texture" },
				"up": { "uv": [ 1, 6, 3, 8 ], "texture": "#texture" },
				"north": { "uv": [ 13, 0, 15, 1 ], "texture": "#texture" },
				"south": { "uv": [ 1, 0, 3, 1 ], "texture": "#texture" },
				"west": { "uv": [ 6, 0, 8, 1 ], "texture": "#texture" },
				"east": { "uv": [ 8, 0, 10, 1 ], "texture": "#texture" }
			}
		},
		{
			"__comment": "Stone21",
			"from": [ 3, 15, 7 ],
			"to": [ 8, 16, 9 ],
			"faces": {
				"down": { "uv": [ 3, 7, 8, 9 ], "texture": "#texture" },
				"up": { "uv": [ 3, 7, 8, 9 ], "texture": "#texture" },
				"north": { "uv": [ 8, 0, 13, 1 ], "texture": "#texture" },
				"south": { "uv": [ 3, 0, 8, 1 ], "texture": "#texture" },
				"west": { "uv": [ 7, 0, 9, 1 ], "texture": "#texture" },
				"east": { "uv": [ 7, 0, 9, 1 ], "texture": "#texture" }
			}
		},
		{
			"__comment": "Stone22",
			"from": [ 1, 15, 9 ],
			"to": [ 7, 16, 10 ],
			"faces": {
				"down": { "uv": [ 1, 6, 7, 7 ], "texture": "#texture" },
				"up": { "uv": [ 1, 9, 7, 10 ], "texture": "#texture" },
				"north": { "uv": [ 9, 0, 15, 1 ], "texture": "#texture" },
				"south": { "uv": [ 1, 0, 7, 1 ], "texture": "#texture" },
				"west": { "uv": [ 9, 0, 10, 1 ], "texture": "#texture" },
				"east": { "uv": [ 6, 0, 7, 1 ], "texture": "#texture" }
			}
		},
		{
			"__comment": "Stone23",
			"from": [ 5, 15, 10 ],
			"to": [ 8, 16, 14 ],
			"faces": {
				"down": { "uv": [ 5, 2, 8, 6 ], "texture": "#texture" },
				"up": { "uv": [ 5, 10, 8, 14 ], "texture": "#texture" },
				"north": { "uv": [ 8, 0, 11, 1 ], "texture": "#texture" },
				"south": { "uv": [ 5, 0, 8, 1 ], "texture": "#texture" },
				"west": { "uv": [ 10, 0, 14, 1 ], "texture": "#texture" },
				"east": { "uv": [ 2, 0, 6, 1 ], "texture": "#texture" }
			}
		},
		{
			"__comment": "Stone24",
			"from": [ 8, 15, 13 ],
			"to": [ 9, 16, 14 ],
			"faces": {
				"down": { "uv": [ 8, 2, 9, 3 ], "texture": "#texture" },
				"up": { "uv": [ 8, 13, 9, 14 ], "texture": "#texture" },
				"north": { "uv": [ 7, 0, 8, 1 ], "texture": "#texture" },
				"south": { "uv": [ 8, 0, 9, 1 ], "texture": "#texture" },
				"west": { "uv": [ 13, 0, 14, 1 ], "texture": "#texture" },
				"east": { "uv": [ 2, 0, 3, 1 ], "texture": "#texture" }
			}
		},
		{
			"__comment": "Stone25",
			"from": [ 8, 15, 10 ],
			"to": [ 11, 16, 12 ],
			"faces": {
				"down": { "uv": [ 8, 4, 11, 6 ], "texture": "#texture" },
				"up": { "uv": [ 8, 10, 11, 12 ], "texture": "#texture" },
				"north": { "uv": [ 5, 0, 8, 1 ], "texture": "#texture" },
				"south": { "uv": [ 8, 0, 11, 1 ], "texture": "#texture" },
				"west": { "uv": [ 10, 0, 12, 1 ], "texture": "#texture" },
				"east": { "uv": [ 4, 0, 6, 1 ], "texture": "#texture" }
			}
		},
		{
			"__comment": "Stone26",
			"from": [ 11, 15, 9 ],
			"to": [ 12, 16, 11 ],
			"faces": {
				"down": { "uv": [ 11, 5, 12, 7 ], "texture": "#texture" },
				"up": { "uv": [ 11, 9, 12, 11 ], "texture": "#texture" },
				"north": { "uv": [ 4, 0, 5, 1 ], "texture": "#texture" },
				"south": { "uv": [ 11, 0, 12, 1 ], "texture": "#texture" },
				"west": { "uv": [ 9, 0, 11, 1 ], "texture": "#texture" },
				"east": { "uv": [ 5, 0, 7, 1 ], "texture": "#texture" }
			}
		},
		{
			"__comment": "Stone27",
			"from": [ 1, 15, 10 ],
			"to": [ 3, 16, 14 ],
			"faces": {
				"down": { "uv": [ 1, 2, 3, 6 ], "texture": "#texture" },
				"up": { "uv": [ 1, 10, 3, 14 ], "texture": "#texture" },
				"north": { "uv": [ 13, 0, 15, 1 ], "texture": "#texture" },
				"south": { "uv": [ 1, 0, 3, 1 ], "texture": "#texture" },
				"west": { "uv": [ 10, 0, 14, 1 ], "texture": "#texture" },
				"east": { "uv": [ 2, 0, 6, 1 ], "texture": "#texture" }
			}
		},
		{
			"__comment": "Stone28",
			"from": [ 3, 15, 10 ],
			"to": [ 4, 16, 11 ],
			"faces": {
				"down": { "uv": [ 3, 5, 4, 6 ], "texture": "#texture" },
				"up": { "uv": [ 3, 10, 4, 11 ], "texture": "#texture" },
				"north": { "uv": [ 12, 0, 13, 1 ], "texture": "#texture" },
				"south": { "uv": [ 3, 0, 4, 1 ], "texture": "#texture" },
				"west": { "uv": [ 10, 0, 11, 1 ], "texture": "#texture" },
				"east": { "uv": [ 5, 0, 6, 1 ], "texture": "#texture" }
			}
		},
		{
			"__comment": "Stone29",
			"from": [ 3, 15, 11 ],
			"to": [ 5, 16, 13 ],
			"faces": {
				"down": { "uv": [ 3, 3, 5, 5 ], "texture": "#texture" },
				"up": { "uv": [ 3, 11, 5, 13 ], "texture": "#texture" },
				"north": { "uv": [ 11, 0, 13, 1 ], "texture": "#texture" },
				"south": { "uv": [ 3, 0, 5, 1 ], "texture": "#texture" },
				"west": { "uv": [ 11, 0, 13, 1 ], "texture": "#texture" },
				"east": { "uv": [ 3, 0, 5, 1 ], "texture": "#texture" }
			}
		},
		{
			"__comment": "Stone30",
			"from": [ 0, 2, 15 ],
			"to": [ 1, 14, 16 ],
			"faces": {
				"down": { "uv": [ 0, 0, 1, 1 ], "texture": "#texture" },
				"up": { "uv": [ 0, 15, 1, 16 ], "texture": "#texture" },
				"north": { "uv": [ 15, 2, 16, 14 ], "texture": "#texture" },
				"south": { "uv": [ 0, 2, 1, 14 ], "texture": "#texture" },
				"west": { "uv": [ 15, 2, 16, 14 ], "texture": "#texture" },
				"east": { "uv": [ 0, 2, 1, 14 ], "texture": "#texture" }
			}
		},
		{
			"__comment": "Stone31",
			"from": [ 14, 2, 15 ],
			"to": [ 16, 14, 16 ],
			"faces": {
				"down": { "uv": [ 14, 0, 16, 1 ], "texture": "#texture" },
				"up": { "uv": [ 14, 15, 16, 16 ], "texture": "#texture" },
				"north": { "uv": [ 0, 2, 2, 14 ], "texture": "#texture" },
				"south": { "uv": [ 14, 2, 16, 14 ], "texture": "#texture" },
				"west": { "uv": [ 15, 2, 16, 14 ], "texture": "#texture" },
				"east": { "uv": [ 0, 2, 1, 14 ], "texture": "#texture" }
			}
		},
		{
			"__comment": "Stone32",
			"from": [ 1, 8, 15 ],
			"to": [ 3, 14, 16 ],
			"faces": {
				"down": { "uv": [ 1, 0, 3, 1 ], "texture": "#texture" },
				"up": { "uv": [ 1, 15, 3, 16 ], "texture": "#texture" },
				"north": { "uv": [ 13, 2, 15, 8 ], "texture": "#texture" },
				"south": { "uv": [ 1, 2, 3, 8 ], "texture": "#texture" },
				"west": { "uv": [ 15, 2, 16, 8 ], "texture": "#texture" },
				"east": { "uv": [ 0, 2, 1, 8 ], "texture": "#texture" }
			}
		},
		{
			"__comment": "Stone33",
			"from": [ 3, 10, 15 ],
			"to": [ 4, 14, 16 ],
			"faces": {
				"down": { "uv": [ 3, 0, 4, 1 ], "texture": "#texture" },
				"up": { "uv": [ 3, 15, 4, 16 ], "texture": "#texture" },
				"north": { "uv": [ 12, 2, 13, 6 ], "texture": "#texture" },
				"south": { "uv": [ 3, 2, 4, 6 ], "texture": "#texture" },
				"west": { "uv": [ 15, 2, 16, 6 ], "texture": "#texture" },
				"east": { "uv": [ 0, 2, 1, 6 ], "texture": "#texture" }
			}
		},
		{
			"__comment": "Stone34",
			"from": [ 4, 10, 15 ],
			"to": [ 5, 13, 16 ],
			"faces": {
				"down": { "uv": [ 4, 0, 5, 1 ], "texture": "#texture" },
				"up": { "uv": [ 4, 15, 5, 16 ], "texture": "#texture" },
				"north": { "uv": [ 11, 3, 12, 6 ], "texture": "#texture" },
				"south": { "uv": [ 4, 3, 5, 6 ], "texture": "#texture" },
				"west": { "uv": [ 15, 3, 16, 6 ], "texture": "#texture" },
				"east": { "uv": [ 0, 3, 1, 6 ], "texture": "#texture" }
			}
		},
		{
			"__comment": "Stone35",
			"from": [ 5, 11, 15 ],
			"to": [ 7, 14, 16 ],
			"faces": {
				"down": { "uv": [ 5, 0, 7, 1 ], "texture": "#texture" },
				"up": { "uv": [ 5, 15, 7, 16 ], "texture": "#texture" },
				"north": { "uv": [ 9, 2, 11, 5 ], "texture": "#texture" },
				"south": { "uv": [ 5, 2, 7, 5 ], "texture": "#texture" },
				"west": { "uv": [ 15, 2, 16, 5 ], "texture": "#texture" },
				"east": { "uv": [ 0, 2, 1, 5 ], "texture": "#texture" }
			}
		},
		{
			"__comment": "Stone36",
			"from": [ 7, 13, 15 ],
			"to": [ 12, 14, 16 ],
			"faces": {
				"down": { "uv": [ 7, 0, 12, 1 ], "texture": "#texture" },
				"up": { "uv": [ 7, 15, 12, 16 ], "texture": "#texture" },
				"north": { "uv": [ 4, 2, 9, 3 ], "texture": "#texture" },
				"south": { "uv": [ 7, 2, 12, 3 ], "texture": "#texture" },
				"west": { "uv": [ 15, 2, 16, 3 ], "texture": "#texture" },
				"east": { "uv": [ 0, 2, 1, 3 ], "texture": "#texture" }
			}
		},
		{
			"__comment": "Stone37",
			"from": [ 9, 11, 15 ],
			"to": [ 14, 13, 16 ],
			"faces": {
				"down": { "uv": [ 9, 0, 14, 1 ], "texture": "#texture" },
				"up": { "uv": [ 9, 15, 14, 16 ], "texture": "#texture" },
				"north": { "uv": [ 2, 3, 7, 5 ], "texture": "#texture" },
				"south": { "uv": [ 9, 3, 14, 5 ], "texture": "#texture" },
				"west": { "uv": [ 15, 3, 16, 5 ], "texture": "#texture" },
				"east": { "uv": [ 0, 3, 1, 5 ], "texture": "#texture" }
			}
		},
		{
			"__comment": "Stone38",
			"from": [ 7, 10, 15 ],
			"to": [ 9, 12, 16 ],
			"faces": {
				"down": { "uv": [ 7, 0, 9, 1 ], "texture": "#texture" },
				"up": { "uv": [ 7, 15, 9, 16 ], "texture": "#texture" },
				"north": { "uv": [ 7, 4, 9, 6 ], "texture": "#texture" },
				"south": { "uv": [ 7, 4, 9, 6 ], "texture": "#texture" },
				"west": { "uv": [ 15, 4, 16, 6 ], "texture": "#texture" },
				"east": { "uv": [ 0, 4, 1, 6 ], "texture": "#texture" }
			}
		},
		{
			"__comment": "Stone39",
			"from": [ 8, 8, 15 ],
			"to": [ 10, 10, 16 ],
			"faces": {
				"down": { "uv": [ 8, 0, 10, 1 ], "texture": "#texture" },
				"up": { "uv": [ 8, 15, 10, 16 ], "texture": "#texture" },
				"north": { "uv": [ 6, 6, 8, 8 ], "texture": "#texture" },
				"south": { "uv": [ 8, 6, 10, 8 ], "texture": "#texture" },
				"west": { "uv": [ 15, 6, 16, 8 ], "texture": "#texture" },
				"east": { "uv": [ 0, 6, 1, 8 ], "texture": "#texture" }
			}
		},
		{
			"__comment": "Stone40",
			"from": [ 9, 10, 15 ],
			"to": [ 10, 11, 16 ],
			"faces": {
				"down": { "uv": [ 9, 0, 10, 1 ], "texture": "#texture" },
				"up": { "uv": [ 9, 15, 10, 16 ], "texture": "#texture" },
				"north": { "uv": [ 6, 5, 7, 6 ], "texture": "#texture" },
				"south": { "uv": [ 9, 5, 10, 6 ], "texture": "#texture" },
				"west": { "uv": [ 15, 5, 16, 6 ], "texture": "#texture" },
				"east": { "uv": [ 0, 5, 1, 6 ], "texture": "#texture" }
			}
		},
		{
			"__comment": "Stone41",
			"from": [ 12, 5, 15 ],
			"to": [ 14, 11, 16 ],
			"faces": {
				"down": { "uv": [ 12, 0, 14, 1 ], "texture": "#texture" },
				"up": { "uv": [ 12, 15, 14, 16 ], "texture": "#texture" },
				"north": { "uv": [ 2, 5, 4, 11 ], "texture": "#texture" },
				"south": { "uv": [ 12, 5, 14, 11 ], "texture": "#texture" },
				"west": { "uv": [ 15, 5, 16, 11 ], "texture": "#texture" },
				"east": { "uv": [ 0, 5, 1, 11 ], "texture": "#texture" }
			}
		},
		{
			"__comment": "Stone42",
			"from": [ 13, 4, 15 ],
			"to": [ 14, 5, 16 ],
			"faces": {
				"down": { "uv": [ 13, 0, 14, 1 ], "texture": "#texture" },
				"up": { "uv": [ 13, 15, 14, 16 ], "texture": "#texture" },
				"north": { "uv": [ 2, 11, 3, 12 ], "texture": "#texture" },
				"south": { "uv": [ 13, 11, 14, 12 ], "texture": "#texture" },
				"west": { "uv": [ 15, 11, 16, 12 ], "texture": "#texture" },
				"east": { "uv": [ 0, 11, 1, 12 ], "texture": "#texture" }
			}
		},
		{
			"__comment": "Stone43",
			"from": [ 5, 4, 15 ],
			"to": [ 11, 6, 16 ],
			"faces": {
				"down": { "uv": [ 5, 0, 11, 1 ], "texture": "#texture" },
				"up": { "uv": [ 5, 15, 11, 16 ], "texture": "#texture" },
				"north": { "uv": [ 5, 10, 11, 12 ], "texture": "#texture" },
				"south": { "uv": [ 5, 10, 11, 12 ], "texture": "#texture" },
				"west": { "uv": [ 15, 10, 16, 12 ], "texture": "#texture" },
				"east": { "uv": [ 0, 10, 1, 12 ], "texture": "#texture" }
			}
		},
		{
			"__comment": "Stone44",
			"from": [ 10, 7, 15 ],
			"to": [ 12, 9, 16 ],
			"faces": {
				"down": { "uv": [ 10, 0, 12, 1 ], "texture": "#texture" },
				"up": { "uv": [ 10, 15, 12, 16 ], "texture": "#texture" },
				"north": { "uv": [ 4, 7, 6, 9 ], "texture": "#texture" },
				"south": { "uv": [ 10, 7, 12, 9 ], "texture": "#texture" },
				"west": { "uv": [ 15, 7, 16, 9 ], "texture": "#texture" },
				"east": { "uv": [ 0, 7, 1, 9 ], "texture": "#texture" }
			}
		},
		{
			"__comment": "Stone45",
			"from": [ 11, 5, 15 ],
			"to": [ 12, 7, 16 ],
			"faces": {
				"down": { "uv": [ 11, 0, 12, 1 ], "texture": "#texture" },
				"up": { "uv": [ 11, 15, 12, 16 ], "texture": "#texture" },
				"north": { "uv": [ 4, 9, 5, 11 ], "texture": "#texture" },
				"south": { "uv": [ 11, 9, 12, 11 ], "texture": "#texture" },
				"west": { "uv": [ 15, 9, 16, 11 ], "texture": "#texture" },
				"east": { "uv": [ 0, 9, 1, 11 ], "texture": "#texture" }
			}
		},
		{
			"__comment": "Stone46",
			"from": [ 3, 7, 15 ],
			"to": [ 8, 9, 16 ],
			"faces": {
				"down": { "uv": [ 3, 0, 8, 1 ], "texture": "#texture" },
				"up": { "uv": [ 3, 15, 8, 16 ], "texture": "#texture" },
				"north": { "uv": [ 8, 7, 13, 9 ], "texture": "#texture" },
				"south": { "uv": [ 3, 7, 8, 9 ], "texture": "#texture" },
				"west": { "uv": [ 15, 7, 16, 9 ], "texture": "#texture" },
				"east": { "uv": [ 0, 7, 1, 9 ], "texture": "#texture" }
			}
		},
		{
			"__comment": "Stone47",
			"from": [ 1, 6, 15 ],
			"to": [ 7, 7, 16 ],
			"faces": {
				"down": { "uv": [ 1, 0, 7, 1 ], "texture": "#texture" },
				"up": { "uv": [ 1, 15, 7, 16 ], "texture": "#texture" },
				"north": { "uv": [ 9, 9, 15, 10 ], "texture": "#texture" },
				"south": { "uv": [ 1, 9, 7, 10 ], "texture": "#texture" },
				"west": { "uv": [ 15, 9, 16, 10 ], "texture": "#texture" },
				"east": { "uv": [ 0, 9, 1, 10 ], "texture": "#texture" }
			}
		},
		{
			"__comment": "Stone48",
			"from": [ 1, 2, 15 ],
			"to": [ 3, 6, 16 ],
			"faces": {
				"down": { "uv": [ 1, 0, 3, 1 ], "texture": "#texture" },
				"up": { "uv": [ 1, 15, 3, 16 ], "texture": "#texture" },
				"north": { "uv": [ 13, 10, 15, 14 ], "texture": "#texture" },
				"south": { "uv": [ 1, 10, 3, 14 ], "texture": "#texture" },
				"west": { "uv": [ 15, 10, 16, 14 ], "texture": "#texture" },
				"east": { "uv": [ 0, 10, 1, 14 ], "texture": "#texture" }
			}
		},
		{
			"__comment": "Stone49",
			"from": [ 3, 5, 15 ],
			"to": [ 4, 6, 16 ],
			"faces": {
				"down": { "uv": [ 3, 0, 4, 1 ], "texture": "#texture" },
				"up": { "uv": [ 3, 15, 4, 16 ], "texture": "#texture" },
				"north": { "uv": [ 12, 10, 13, 11 ], "texture": "#texture" },
				"south": { "uv": [ 3, 10, 4, 11 ], "texture": "#texture" },
				"west": { "uv": [ 15, 10, 16, 11 ], "texture": "#texture" },
				"east": { "uv": [ 0, 10, 1, 11 ], "texture": "#texture" }
			}
		},
		{
			"__comment": "Stone50",
			"from": [ 3, 4, 15 ],
			"to": [ 5, 5, 16 ],
			"faces": {
				"down": { "uv": [ 3, 0, 5, 1 ], "texture": "#texture" },
				"up": { "uv": [ 3, 15, 5, 16 ], "texture": "#texture" },
				"north": { "uv": [ 11, 11, 13, 12 ], "texture": "#texture" },
				"south": { "uv": [ 3, 11, 5, 12 ], "texture": "#texture" },
				"west": { "uv": [ 15, 11, 16, 12 ], "texture": "#texture" },
				"east": { "uv": [ 0, 11, 1, 12 ], "texture": "#texture" }
			}
		},
		{
			"__comment": "Stone51",
			"from": [ 11, 2, 15 ],
			"to": [ 14, 3, 16 ],
			"faces": {
				"down": { "uv": [ 11, 0, 14, 1 ], "texture": "#texture" },
				"up": { "uv": [ 11, 15, 14, 16 ], "texture": "#texture" },
				"north": { "uv": [ 2, 13, 5, 14 ], "texture": "#texture" },
				"south": { "uv": [ 11, 13, 14, 14 ], "texture": "#texture" },
				"west": { "uv": [ 15, 13, 16, 14 ], "texture": "#texture" },
				"east": { "uv": [ 0, 13, 1, 14 ], "texture": "#texture" }
			}
		},
		{
			"__comment": "Stone52",
			"from": [ 3, 3, 15 ],
			"to": [ 8, 4, 16 ],
			"faces": {
				"down": { "uv": [ 3, 0, 8, 1 ], "texture": "#texture" },
				"up": { "uv": [ 3, 15, 8, 16 ], "texture": "#texture" },
				"north": { "uv": [ 8, 12, 13, 13 ], "texture": "#texture" },
				"south": { "uv": [ 3, 12, 8, 13 ], "texture": "#texture" },
				"west": { "uv": [ 15, 12, 16, 13 ], "texture": "#texture" },
				"east": { "uv": [ 0, 12, 1, 13 ], "texture": "#texture" }
			}
		},
		{
			"__comment": "Stone53",
			"from": [ 5, 2, 15 ],
			"to": [ 9, 3, 16 ],
			"faces": {
				"down": { "uv": [ 5, 0, 9, 1 ], "texture": "#texture" },
				"up": { "uv": [ 5, 15, 9, 16 ], "texture": "#texture" },
				"north": { "uv": [ 7, 13, 11, 14 ], "texture": "#texture" },
				"south": { "uv": [ 5, 13, 9, 14 ], "texture": "#texture" },
				"west": { "uv": [ 15, 13, 16, 14 ], "texture": "#texture" },
				"east": { "uv": [ 0, 13, 1, 14 ], "texture": "#texture" }
			}
		}
	],
	"display": {
		"thirdperson_righthand": {
			"rotation":  [ 75, 45, 0 ],
			"translation":  [ 0, 2.5, 0 ],
			"scale":  [ 0.375, 0.375, 0.375 ]
		},
		"thirdperson_lefthand": {
			"rotation":  [ 75, 45, 0 ],
			"translation":  [ 0, 2.5, 0 ],
			"scale":  [ 0.375, 0.375, 0.375 ]
		},
		"firstperson_righthand": {
			"rotation":  [ 0, 45, 0 ],
			"scale":  [ 0.4, 0.4, 0.4 ]
		},
		"firstperson_lefthand": {
			"rotation":  [ 0, 45, 0 ],
			"scale":  [ 0.4, 0.4, 0.4 ]
		},
		"gui": {
			"rotation":  [ 30, 225, 0 ],
			"scale":  [ 0.625, 0.625, 0.625 ]
		},
		"ground": {
			"translation":  [ 0, 3, 0 ],
			"scale":  [ 0.25, 0.25, 0.25 ]
		},
		"fixed": {
			"scale":  [ 0.5, 0.5, 0.5 ]
		}
	}
}