{
	"__comment": "Designed by neo_0815 with Cubik Studio - https://cubik.studio",
	"parent": "parent/tool",
	"elements": [ 	 
		{
			"__comment": "Box1",
			"from": [ 7.25, 0, 6.25 ],
			"to": [ 8.75, 11, 7.75 ],
			"faces": {
				"down": { "uv": [ 7, 8, 9, 10 ], "texture": "#texture" },
				"up": { "uv": [ 7, 8, 9, 10 ], "texture": "#texture" },
				"north": { "uv": [ 5, 10, 7, 12 ], "texture": "#texture" },
				"south": { "uv": [ 5, 10, 7, 12 ], "texture": "#texture" },
				"west": { "uv": [ 5, 10, 7, 12 ], "texture": "#texture" },
				"east": { "uv": [ 5, 10, 7, 12 ], "texture": "#texture" }
			}
		},
		{
			"__comment": "Box2",
			"from": [ 6, 11, 6 ],
			"to": [ 10, 11.5, 8 ],
			"faces": {
				"down": { "uv": [ 6, 2, 11, 3 ], "texture": "#texture" },
				"up": { "uv": [ 6, 2, 11, 3 ], "texture": "#texture" },
				"north": { "uv": [ 6, 2, 11, 3 ], "texture": "#texture" },
				"south": { "uv": [ 6, 2, 11, 3 ], "texture": "#texture" },
				"west": { "uv": [ 6, 2, 11, 3 ], "texture": "#texture" },
				"east": { "uv": [ 6, 2, 11, 3 ], "texture": "#texture" }
			}
		},
		{
			"__comment": "Box3",
			"from": [ 6, 13.5, 6 ],
			"to": [ 10, 14, 8 ],
			"faces": {
				"down": { "uv": [ 6, 2, 11, 3 ], "texture": "#texture" },
				"up": { "uv": [ 6, 2, 11, 3 ], "texture": "#texture" },
				"north": { "uv": [ 6, 2, 11, 3 ], "texture": "#texture" },
				"south": { "uv": [ 6, 2, 11, 3 ], "texture": "#texture" },
				"west": { "uv": [ 6, 2, 11, 3 ], "texture": "#texture" },
				"east": { "uv": [ 6, 2, 11, 3 ], "texture": "#texture" }
			}
		},
		{
			"__comment": "Box4",
			"from": [ 6, 11.5, 6 ],
			"to": [ 10, 13.5, 8 ],
			"faces": {
				"down": { "uv": [ 11, 4, 12, 6 ], "texture": "#texture" },
				"up": { "uv": [ 11, 4, 12, 6 ], "texture": "#texture" },
				"north": { "uv": [ 11, 4, 12, 6 ], "texture": "#texture" },
				"south": { "uv": [ 11, 4, 12, 6 ], "texture": "#texture" },
				"west": { "uv": [ 11, 4, 12, 6 ], "texture": "#texture" },
				"east": { "uv": [ 11, 4, 12, 6 ], "texture": "#texture" }
			}
		},
		{
			"__comment": "Box5",
			"from": [ 10, 11.75, 6.25 ],
			"to": [ 12, 13.25, 7.75 ],
			"faces": {
				"down": { "uv": [ 11, 4, 12, 6 ], "texture": "#texture" },
				"up": { "uv": [ 11, 4, 12, 6 ], "texture": "#texture" },
				"north": { "uv": [ 11, 4, 12, 6 ], "texture": "#texture" },
				"south": { "uv": [ 11, 4, 12, 6 ], "texture": "#texture" },
				"west": { "uv": [ 12, 5, 13, 7 ], "texture": "#texture" },
				"east": { "uv": [ 11, 4, 12, 6 ], "texture": "#texture" }
			}
		},
		{
			"__comment": "Box6",
			"from": [ 4, 11.75, 6.25 ],
			"to": [ 6, 13.25, 7.75 ],
			"faces": {
				"down": { "uv": [ 11, 4, 12, 6 ], "texture": "#texture" },
				"up": { "uv": [ 11, 4, 12, 6 ], "texture": "#texture" },
				"north": { "uv": [ 11, 4, 12, 6 ], "texture": "#texture" },
				"south": { "uv": [ 11, 4, 12, 6 ], "texture": "#texture" },
				"west": { "uv": [ 11, 4, 12, 6 ], "texture": "#texture" },
				"east": { "uv": [ 11, 4, 12, 6 ], "texture": "#texture" }
			}
		},
		{
			"__comment": "Box7",
			"from": [ 7.5, 14, 6.5 ],
			"to": [ 8.5, 14.5, 7.5 ],
			"faces": {
				"down": { "uv": [ 7, 8, 9, 10 ], "texture": "#texture" },
				"up": { "uv": [ 7, 8, 9, 10 ], "texture": "#texture" },
				"north": { "uv": [ 5, 10, 7, 12 ], "texture": "#texture" },
				"south": { "uv": [ 5, 10, 7, 12 ], "texture": "#texture" },
				"west": { "uv": [ 5, 10, 7, 12 ], "texture": "#texture" },
				"east": { "uv": [ 5, 10, 7, 12 ], "texture": "#texture" }
			}
		},
		{
			"__comment": "Box8",
			"from": [ 12, 12, 6.5 ],
			"to": [ 13, 13, 7.5 ],
			"faces": {
				"down": { "uv": [ 11, 4, 12, 6 ], "texture": "#texture" },
				"up": { "uv": [ 11, 4, 12, 6 ], "texture": "#texture" },
				"north": { "uv": [ 11, 4, 12, 6 ], "texture": "#texture" },
				"south": { "uv": [ 11, 4, 12, 6 ], "texture": "#texture" },
				"west": { "uv": [ 12, 5, 13, 7 ], "texture": "#texture" },
				"east": { "uv": [ 11, 4, 12, 6 ], "texture": "#texture" }
			}
		},
		{
			"__comment": "Box9",
			"from": [ 3, 12, 6.5 ],
			"to": [ 4, 13, 7.5 ],
			"faces": {
				"down": { "uv": [ 11, 4, 12, 6 ], "texture": "#texture" },
				"up": { "uv": [ 11, 4, 12, 6 ], "texture": "#texture" },
				"north": { "uv": [ 11, 4, 12, 6 ], "texture": "#texture" },
				"south": { "uv": [ 11, 4, 12, 6 ], "texture": "#texture" },
				"west": { "uv": [ 11, 4, 12, 6 ], "texture": "#texture" },
				"east": { "uv": [ 11, 4, 12, 6 ], "texture": "#texture" }
			}
		},
		{
			"__comment": "Box10",
			"from": [ 13, 12.25, 6.75 ],
			"to": [ 13.5, 12.75, 7.25 ],
			"faces": {
				"down": { "uv": [ 11, 4, 12, 6 ], "texture": "#texture" },
				"up": { "uv": [ 11, 4, 12, 6 ], "texture": "#texture" },
				"north": { "uv": [ 11, 4, 12, 6 ], "texture": "#texture" },
				"south": { "uv": [ 11, 4, 12, 6 ], "texture": "#texture" },
				"west": { "uv": [ 11, 4, 12, 6 ], "texture": "#texture" },
				"east": { "uv": [ 11, 4, 12, 6 ], "texture": "#texture" }
			}
		},
		{
			"__comment": "Box11",
			"from": [ 2.5, 12.25, 6.75 ],
			"to": [ 3, 12.75, 7.25 ],
			"faces": {
				"down": { "uv": [ 11, 4, 12, 6 ], "texture": "#texture" },
				"up": { "uv": [ 11, 4, 12, 6 ], "texture": "#texture" },
				"north": { "uv": [ 11, 4, 12, 6 ], "texture": "#texture" },
				"south": { "uv": [ 11, 4, 12, 6 ], "texture": "#texture" },
				"west": { "uv": [ 11, 4, 12, 6 ], "texture": "#texture" },
				"east": { "uv": [ 11, 4, 12, 6 ], "texture": "#texture" }
			}
		},
		{
			"__comment": "Box12",
			"from": [ 4, 13.25, 6.25 ],
			"to": [ 6, 13.75, 7.75 ],
			"faces": {
				"down": { "uv": [ 6, 2, 11, 3 ], "texture": "#texture" },
				"up": { "uv": [ 6, 2, 11, 3 ], "texture": "#texture" },
				"north": { "uv": [ 6, 2, 11, 3 ], "texture": "#texture" },
				"south": { "uv": [ 6, 2, 11, 3 ], "texture": "#texture" },
				"west": { "uv": [ 6, 2, 11, 3 ], "texture": "#texture" },
				"east": { "uv": [ 6, 2, 11, 3 ], "texture": "#texture" }
			}
		},
		{
			"__comment": "Box13",
			"from": [ 10, 13.25, 6.25 ],
			"to": [ 12, 13.75, 7.75 ],
			"faces": {
				"down": { "uv": [ 6, 2, 11, 3 ], "texture": "#texture" },
				"up": { "uv": [ 6, 2, 11, 3 ], "texture": "#texture" },
				"north": { "uv": [ 6, 2, 11, 3 ], "texture": "#texture" },
				"south": { "uv": [ 6, 2, 11, 3 ], "texture": "#texture" },
				"west": { "uv": [ 6, 2, 11, 3 ], "texture": "#texture" },
				"east": { "uv": [ 6, 2, 11, 3 ], "texture": "#texture" }
			}
		},
		{
			"__comment": "Box14",
			"from": [ 4, 11.25, 6.25 ],
			"to": [ 6, 11.75, 7.75 ],
			"faces": {
				"down": { "uv": [ 6, 2, 11, 3 ], "texture": "#texture" },
				"up": { "uv": [ 6, 2, 11, 3 ], "texture": "#texture" },
				"north": { "uv": [ 6, 2, 11, 3 ], "texture": "#texture" },
				"south": { "uv": [ 6, 2, 11, 3 ], "texture": "#texture" },
				"west": { "uv": [ 6, 2, 11, 3 ], "texture": "#texture" },
				"east": { "uv": [ 6, 2, 11, 3 ], "texture": "#texture" }
			}
		},
		{
			"__comment": "Box15",
			"from": [ 10, 11.25, 6.25 ],
			"to": [ 12, 11.75, 7.75 ],
			"faces": {
				"down": { "uv": [ 6, 2, 11, 3 ], "texture": "#texture" },
				"up": { "uv": [ 6, 2, 11, 3 ], "texture": "#texture" },
				"north": { "uv": [ 6, 2, 11, 3 ], "texture": "#texture" },
				"south": { "uv": [ 6, 2, 11, 3 ], "texture": "#texture" },
				"west": { "uv": [ 6, 2, 11, 3 ], "texture": "#texture" },
				"east": { "uv": [ 6, 2, 11, 3 ], "texture": "#texture" }
			}
		},
		{
			"__comment": "Box16",
			"from": [ 12, 11.5, 6.5 ],
			"to": [ 13, 12, 7.5 ],
			"faces": {
				"down": { "uv": [ 6, 2, 11, 3 ], "texture": "#texture" },
				"up": { "uv": [ 6, 2, 11, 3 ], "texture": "#texture" },
				"north": { "uv": [ 6, 2, 11, 3 ], "texture": "#texture" },
				"south": { "uv": [ 6, 2, 11, 3 ], "texture": "#texture" },
				"west": { "uv": [ 6, 2, 11, 3 ], "texture": "#texture" },
				"east": { "uv": [ 6, 2, 11, 3 ], "texture": "#texture" }
			}
		},
		{
			"__comment": "Box17",
			"from": [ 12, 13, 6.5 ],
			"to": [ 13, 13.5, 7.5 ],
			"faces": {
				"down": { "uv": [ 6, 2, 11, 3 ], "texture": "#texture" },
				"up": { "uv": [ 6, 2, 11, 3 ], "texture": "#texture" },
				"north": { "uv": [ 6, 2, 11, 3 ], "texture": "#texture" },
				"south": { "uv": [ 6, 2, 11, 3 ], "texture": "#texture" },
				"west": { "uv": [ 6, 2, 11, 3 ], "texture": "#texture" },
				"east": { "uv": [ 6, 2, 11, 3 ], "texture": "#texture" }
			}
		},
		{
			"__comment": "Box18",
			"from": [ 3, 13, 6.5 ],
			"to": [ 4, 13.5, 7.5 ],
			"faces": {
				"down": { "uv": [ 6, 2, 11, 3 ], "texture": "#texture" },
				"up": { "uv": [ 6, 2, 11, 3 ], "texture": "#texture" },
				"north": { "uv": [ 6, 2, 11, 3 ], "texture": "#texture" },
				"south": { "uv": [ 6, 2, 11, 3 ], "texture": "#texture" },
				"west": { "uv": [ 6, 2, 11, 3 ], "texture": "#texture" },
				"east": { "uv": [ 6, 2, 11, 3 ], "texture": "#texture" }
			}
		},
		{
			"__comment": "Box19",
			"from": [ 3, 11.5, 6.5 ],
			"to": [ 4, 12, 7.5 ],
			"faces": {
				"down": { "uv": [ 6, 2, 11, 3 ], "texture": "#texture" },
				"up": { "uv": [ 6, 2, 11, 3 ], "texture": "#texture" },
				"north": { "uv": [ 6, 2, 11, 3 ], "texture": "#texture" },
				"south": { "uv": [ 6, 2, 11, 3 ], "texture": "#texture" },
				"west": { "uv": [ 6, 2, 11, 3 ], "texture": "#texture" },
				"east": { "uv": [ 6, 2, 11, 3 ], "texture": "#texture" }
			}
		},
		{
			"__comment": "Box20",
			"from": [ 2.5, 12.75, 6.75 ],
			"to": [ 3, 13.25, 7.25 ],
			"faces": {
				"down": { "uv": [ 6, 2, 11, 3 ], "texture": "#texture" },
				"up": { "uv": [ 6, 2, 11, 3 ], "texture": "#texture" },
				"north": { "uv": [ 6, 2, 11, 3 ], "texture": "#texture" },
				"south": { "uv": [ 6, 2, 11, 3 ], "texture": "#texture" },
				"west": { "uv": [ 6, 2, 11, 3 ], "texture": "#texture" },
				"east": { "uv": [ 6, 2, 11, 3 ], "texture": "#texture" }
			}
		},
		{
			"__comment": "Box21",
			"from": [ 13, 12.75, 6.75 ],
			"to": [ 13.5, 13.25, 7.25 ],
			"faces": {
				"down": { "uv": [ 6, 2, 11, 3 ], "texture": "#texture" },
				"up": { "uv": [ 6, 2, 11, 3 ], "texture": "#texture" },
				"north": { "uv": [ 6, 2, 11, 3 ], "texture": "#texture" },
				"south": { "uv": [ 6, 2, 11, 3 ], "texture": "#texture" },
				"west": { "uv": [ 6, 2, 11, 3 ], "texture": "#texture" },
				"east": { "uv": [ 6, 2, 11, 3 ], "texture": "#texture" }
			}
		},
		{
			"__comment": "Box22",
			"from": [ 2.5, 11.75, 6.75 ],
			"to": [ 3, 12.25, 7.25 ],
			"faces": {
				"down": { "uv": [ 6, 2, 11, 3 ], "texture": "#texture" },
				"up": { "uv": [ 6, 2, 11, 3 ], "texture": "#texture" },
				"north": { "uv": [ 6, 2, 11, 3 ], "texture": "#texture" },
				"south": { "uv": [ 6, 2, 11, 3 ], "texture": "#texture" },
				"west": { "uv": [ 6, 2, 11, 3 ], "texture": "#texture" },
				"east": { "uv": [ 6, 2, 11, 3 ], "texture": "#texture" }
			}
		},
		{
			"__comment": "Box23",
			"from": [ 13, 11.75, 6.75 ],
			"to": [ 13.5, 12.25, 7.25 ],
			"faces": {
				"down": { "uv": [ 6, 2, 11, 3 ], "texture": "#texture" },
				"up": { "uv": [ 6, 2, 11, 3 ], "texture": "#texture" },
				"north": { "uv": [ 6, 2, 11, 3 ], "texture": "#texture" },
				"south": { "uv": [ 6, 2, 11, 3 ], "texture": "#texture" },
				"west": { "uv": [ 6, 2, 11, 3 ], "texture": "#texture" },
				"east": { "uv": [ 6, 2, 11, 3 ], "texture": "#texture" }
			}
		},
		{
			"__comment": "Box24",
			"from": [ 13.5, 12.25, 6.75 ],
			"to": [ 14, 12.75, 7.25 ],
			"faces": {
				"down": { "uv": [ 6, 2, 11, 3 ], "texture": "#texture" },
				"up": { "uv": [ 6, 2, 11, 3 ], "texture": "#texture" },
				"north": { "uv": [ 6, 2, 11, 3 ], "texture": "#texture" },
				"south": { "uv": [ 6, 2, 11, 3 ], "texture": "#texture" },
				"west": { "uv": [ 6, 2, 11, 3 ], "texture": "#texture" },
				"east": { "uv": [ 6, 2, 11, 3 ], "texture": "#texture" }
			}
		},
		{
			"__comment": "Box25",
			"from": [ 2, 12.25, 6.75 ],
			"to": [ 2.5, 12.75, 7.25 ],
			"faces": {
				"down": { "uv": [ 6, 2, 11, 3 ], "texture": "#texture" },
				"up": { "uv": [ 6, 2, 11, 3 ], "texture": "#texture" },
				"north": { "uv": [ 6, 2, 11, 3 ], "texture": "#texture" },
				"south": { "uv": [ 6, 2, 11, 3 ], "texture": "#texture" },
				"west": { "uv": [ 6, 2, 11, 3 ], "texture": "#texture" },
				"east": { "uv": [ 6, 2, 11, 3 ], "texture": "#texture" }
			}
		}
	]
}