{
	"__comment": "Designed by neo_0815 with Cubik Studio - https://cubik.studio",
	"parent": "parent/tool",
	"elements": [ 	 
		{
			"__comment": "Box1",
			"from": [ 7.5, 2, 7.5 ],
			"to": [ 8.5, 9, 8.5 ],
			"faces": {
				"down": { "uv": [ 4, 11, 6, 13 ], "texture": "#texture" },
				"up": { "uv": [ 4, 11, 6, 13 ], "texture": "#texture" },
				"north": { "uv": [ 5, 10, 6, 13 ], "texture": "#texture" },
				"south": { "uv": [ 5, 10, 6, 13 ], "texture": "#texture" },
				"west": { "uv": [ 5, 10, 6, 13 ], "texture": "#texture" },
				"east": { "uv": [ 5, 10, 6, 13 ], "texture": "#texture" }
			}
		},
		{
			"__comment": "Box2",
			"from": [ 6.25, 0.5, 7.25 ],
			"to": [ 9.75, 2, 8.75 ],
			"faces": {
				"down": { "uv": [ 2, 12, 5, 14 ], "texture": "#texture" },
				"up": { "uv": [ 2, 12, 5, 14 ], "texture": "#texture" },
				"north": { "uv": [ 2, 12, 5, 14 ], "texture": "#texture" },
				"south": { "uv": [ 2, 12, 5, 14 ], "texture": "#texture" },
				"west": { "uv": [ 2, 12, 5, 14 ], "texture": "#texture" },
				"east": { "uv": [ 2, 12, 5, 14 ], "texture": "#texture" }
			}
		},
		{
			"__comment": "Box3",
			"from": [ 6.5, 9.5, 7 ],
			"to": [ 9.5, 14, 7.5 ],
			"faces": {
				"down": { "uv": [ 11, 2, 14, 3 ], "texture": "#texture" },
				"up": { "uv": [ 11, 2, 14, 3 ], "texture": "#texture" },
				"north": { "uv": [ 11, 2, 14, 3 ], "texture": "#texture" },
				"south": { "uv": [ 10, 4, 13, 7 ], "texture": "#texture" },
				"west": { "uv": [ 11, 2, 14, 3 ], "texture": "#texture" },
				"east": { "uv": [ 11, 2, 14, 3 ], "texture": "#texture" }
			}
		},
		{
			"__comment": "Box4",
			"from": [ 6.5, 9, 7.5 ],
			"to": [ 9.5, 9.5, 8.75 ],
			"faces": {
				"down": { "uv": [ 11, 2, 14, 3 ], "texture": "#texture" },
				"up": { "uv": [ 11, 2, 14, 3 ], "texture": "#texture" },
				"north": { "uv": [ 11, 2, 14, 3 ], "texture": "#texture" },
				"south": { "uv": [ 11, 2, 14, 3 ], "texture": "#texture" },
				"west": { "uv": [ 11, 2, 14, 3 ], "texture": "#texture" },
				"east": { "uv": [ 11, 2, 14, 3 ], "texture": "#texture" }
			}
		},
		{
			"__comment": "Box5",
			"from": [ 6, 9.5, 7.5 ],
			"to": [ 6.5, 12, 8.5 ],
			"faces": {
				"down": { "uv": [ 11, 2, 14, 3 ], "texture": "#texture" },
				"up": { "uv": [ 11, 2, 14, 3 ], "texture": "#texture" },
				"north": { "uv": [ 11, 2, 14, 3 ], "texture": "#texture" },
				"south": { "uv": [ 11, 2, 14, 3 ], "texture": "#texture" },
				"west": { "uv": [ 11, 2, 14, 3 ], "texture": "#texture" },
				"east": { "uv": [ 11, 2, 14, 3 ], "texture": "#texture" }
			}
		},
		{
			"__comment": "Box6",
			"from": [ 9.5, 9.5, 7.5 ],
			"to": [ 10, 12, 8.5 ],
			"faces": {
				"down": { "uv": [ 11, 2, 14, 3 ], "texture": "#texture" },
				"up": { "uv": [ 11, 2, 14, 3 ], "texture": "#texture" },
				"north": { "uv": [ 11, 2, 14, 3 ], "texture": "#texture" },
				"south": { "uv": [ 11, 2, 14, 3 ], "texture": "#texture" },
				"west": { "uv": [ 11, 2, 14, 3 ], "texture": "#texture" },
				"east": { "uv": [ 11, 2, 14, 3 ], "texture": "#texture" }
			}
		},
		{
			"__comment": "Box7",
			"from": [ 6, 12, 7.5 ],
			"to": [ 6.5, 13.5, 8.25 ],
			"faces": {
				"down": { "uv": [ 11, 2, 14, 3 ], "texture": "#texture" },
				"up": { "uv": [ 11, 2, 14, 3 ], "texture": "#texture" },
				"north": { "uv": [ 11, 2, 14, 3 ], "texture": "#texture" },
				"south": { "uv": [ 11, 2, 14, 3 ], "texture": "#texture" },
				"west": { "uv": [ 11, 2, 14, 3 ], "texture": "#texture" },
				"east": { "uv": [ 11, 2, 14, 3 ], "texture": "#texture" }
			}
		},
		{
			"__comment": "Box8",
			"from": [ 9.5, 12, 7.5 ],
			"to": [ 10, 13.5, 8.25 ],
			"faces": {
				"down": { "uv": [ 11, 2, 14, 3 ], "texture": "#texture" },
				"up": { "uv": [ 11, 2, 14, 3 ], "texture": "#texture" },
				"north": { "uv": [ 11, 2, 14, 3 ], "texture": "#texture" },
				"south": { "uv": [ 11, 2, 14, 3 ], "texture": "#texture" },
				"west": { "uv": [ 11, 2, 14, 3 ], "texture": "#texture" },
				"east": { "uv": [ 11, 2, 14, 3 ], "texture": "#texture" }
			}
		},
		{
			"__comment": "Box9",
			"from": [ 6, 13.5, 7.5 ],
			"to": [ 6.5, 14.5, 8 ],
			"faces": {
				"down": { "uv": [ 11, 2, 14, 3 ], "texture": "#texture" },
				"up": { "uv": [ 11, 2, 14, 3 ], "texture": "#texture" },
				"north": { "uv": [ 11, 2, 14, 3 ], "texture": "#texture" },
				"south": { "uv": [ 11, 2, 14, 3 ], "texture": "#texture" },
				"west": { "uv": [ 11, 2, 14, 3 ], "texture": "#texture" },
				"east": { "uv": [ 11, 2, 14, 3 ], "texture": "#texture" }
			}
		},
		{
			"__comment": "Box10",
			"from": [ 9.5, 13.5, 7.5 ],
			"to": [ 10, 14.5, 8 ],
			"faces": {
				"down": { "uv": [ 11, 2, 14, 3 ], "texture": "#texture" },
				"up": { "uv": [ 11, 2, 14, 3 ], "texture": "#texture" },
				"north": { "uv": [ 11, 2, 14, 3 ], "texture": "#texture" },
				"south": { "uv": [ 11, 2, 14, 3 ], "texture": "#texture" },
				"west": { "uv": [ 11, 2, 14, 3 ], "texture": "#texture" },
				"east": { "uv": [ 11, 2, 14, 3 ], "texture": "#texture" }
			}
		},
		{
			"__comment": "Box11",
			"from": [ 6.5, 14, 7 ],
			"to": [ 9.5, 14.5, 7.5 ],
			"faces": {
				"down": { "uv": [ 11, 2, 14, 3 ], "texture": "#texture" },
				"up": { "uv": [ 11, 2, 14, 3 ], "texture": "#texture" },
				"north": { "uv": [ 11, 2, 14, 3 ], "texture": "#texture" },
				"south": { "uv": [ 11, 2, 14, 3 ], "texture": "#texture" },
				"west": { "uv": [ 11, 2, 14, 3 ], "texture": "#texture" },
				"east": { "uv": [ 11, 2, 14, 3 ], "texture": "#texture" }
			}
		}
	]
}