{
	"__comment": "Designed by neo_0815 with Cubik Studio - https://cubik.studio",
	"parent": "parent/tool",
	"elements": [ 	 
		{
			"__comment": "Box1",
			"from": [ 7, 0, 7 ],
			"to": [ 9, 2, 9 ],
			"faces": {
				"down": { "uv": [ 3, 16, 1, 14 ], "texture": "#texture" },
				"up": { "uv": [ 1, 16, 3, 14 ], "texture": "#texture" },
				"north": { "uv": [ 1, 16, 3, 14 ], "texture": "#texture" },
				"south": { "uv": [ 1, 14, 3, 16 ], "texture": "#texture" },
				"west": { "uv": [ 0, 14, 2, 16 ], "texture": "#texture" },
				"east": { "uv": [ 0, 13, 2, 15 ], "texture": "#texture" }
			}
		},
		{
			"__comment": "Box2",
			"from": [ 7.5, 2, 7.5 ],
			"to": [ 8.5, 4.5, 8.5 ],
			"faces": {
				"down": { "uv": [ 3, 12, 4, 13 ], "texture": "#texture" },
				"up": { "uv": [ 3, 12, 4, 13 ], "texture": "#texture" },
				"north": { "uv": [ 3, 11, 5, 13 ], "texture": "#texture" },
				"south": { "uv": [ 3, 11, 5, 13 ], "texture": "#texture" },
				"west": { "uv": [ 2, 12, 4, 14 ], "texture": "#texture" },
				"east": { "uv": [ 2, 12, 4, 14 ], "texture": "#texture" }
			}
		},
		{
			"__comment": "Box3",
			"from": [ 7, 4.5, 7 ],
			"to": [ 9, 5.1, 9 ],
			"faces": {
				"down": { "uv": [ 5, 11, 6, 12 ], "texture": "#texture" },
				"up": { "uv": [ 7, 7, 9, 9 ], "texture": "#texture" },
				"north": { "uv": [ 5, 11, 6, 12 ], "texture": "#texture" },
				"south": { "uv": [ 5, 11, 6, 12 ], "texture": "#texture" },
				"west": { "uv": [ 5, 11, 6, 12 ], "texture": "#texture" },
				"east": { "uv": [ 4, 10, 5, 11 ], "texture": "#texture" }
			}
		},
		{
			"__comment": "Box4",
			"from": [ 7, 5.1, 7 ],
			"to": [ 9, 5.8, 9 ],
			"faces": {
				"down": { "uv": [ 5, 11, 6, 12 ], "texture": "#texture" },
				"up": { "uv": [ 7, 7, 9, 9 ], "texture": "#texture" },
				"north": { "uv": [ 5, 10, 6, 11 ], "texture": "#texture" },
				"south": { "uv": [ 6, 10, 5, 11 ], "texture": "#texture" },
				"west": { "uv": [ 4, 9, 5, 10 ], "texture": "#texture" },
				"east": { "uv": [ 6, 11, 7, 12 ], "texture": "#texture" }
			}
		},
		{
			"__comment": "Box5",
			"from": [ 7, 5.8, 7 ],
			"to": [ 9, 6.4, 9 ],
			"faces": {
				"down": { "uv": [ 5, 11, 6, 12 ], "texture": "#texture" },
				"up": { "uv": [ 5, 9, 6, 10 ], "texture": "#texture" },
				"north": { "uv": [ 5, 11, 6, 12 ], "texture": "#texture" },
				"south": { "uv": [ 5, 11, 6, 12 ], "texture": "#texture" },
				"west": { "uv": [ 5, 11, 6, 12 ], "texture": "#texture" },
				"east": { "uv": [ 4, 10, 5, 11 ], "texture": "#texture" }
			}
		},
		{
			"__comment": "Box6",
			"from": [ 5.5, 5, 7.25 ],
			"to": [ 7, 5.5, 8.75 ],
			"faces": {
				"down": { "uv": [ 5, 11, 6, 12 ], "texture": "#texture" },
				"up": { "uv": [ 7, 7, 9, 9 ], "texture": "#texture" },
				"north": { "uv": [ 5, 11, 6, 12 ], "texture": "#texture" },
				"south": { "uv": [ 5, 11, 6, 12 ], "texture": "#texture" },
				"west": { "uv": [ 5, 11, 6, 12 ], "texture": "#texture" },
				"east": { "uv": [ 4, 10, 5, 11 ], "texture": "#texture" }
			}
		},
		{
			"__comment": "Box7",
			"from": [ 9, 5, 7.25 ],
			"to": [ 10.5, 5.5, 8.75 ],
			"faces": {
				"down": { "uv": [ 5, 11, 6, 12 ], "texture": "#texture" },
				"up": { "uv": [ 5, 9, 6, 10 ], "texture": "#texture" },
				"north": { "uv": [ 5, 11, 6, 12 ], "texture": "#texture" },
				"south": { "uv": [ 5, 11, 6, 12 ], "texture": "#texture" },
				"west": { "uv": [ 5, 11, 6, 12 ], "texture": "#texture" },
				"east": { "uv": [ 4, 10, 5, 11 ], "texture": "#texture" }
			}
		},
		{
			"__comment": "Box8",
			"from": [ 5.5, 6, 7.25 ],
			"to": [ 7, 6.5, 8.75 ],
			"faces": {
				"down": { "uv": [ 5, 11, 6, 12 ], "texture": "#texture" },
				"up": { "uv": [ 5, 9, 6, 10 ], "texture": "#texture" },
				"north": { "uv": [ 5, 11, 6, 12 ], "texture": "#texture" },
				"south": { "uv": [ 5, 11, 6, 12 ], "texture": "#texture" },
				"west": { "uv": [ 5, 11, 6, 12 ], "texture": "#texture" },
				"east": { "uv": [ 4, 10, 5, 11 ], "texture": "#texture" }
			}
		},
		{
			"__comment": "Box9",
			"from": [ 9, 6, 7.25 ],
			"to": [ 10.5, 6.5, 8.75 ],
			"faces": {
				"down": { "uv": [ 5, 11, 6, 12 ], "texture": "#texture" },
				"up": { "uv": [ 5, 9, 6, 10 ], "texture": "#texture" },
				"north": { "uv": [ 5, 11, 6, 12 ], "texture": "#texture" },
				"south": { "uv": [ 5, 11, 6, 12 ], "texture": "#texture" },
				"west": { "uv": [ 5, 11, 6, 12 ], "texture": "#texture" },
				"east": { "uv": [ 4, 10, 5, 11 ], "texture": "#texture" }
			}
		},
		{
			"__comment": "Box10",
			"from": [ 5.5, 5.5, 7.25 ],
			"to": [ 7, 6, 8.75 ],
			"faces": {
				"down": { "uv": [ 5, 11, 6, 12 ], "texture": "#texture" },
				"up": { "uv": [ 7, 7, 9, 9 ], "texture": "#texture" },
				"north": { "uv": [ 5, 8, 4, 10 ], "texture": "#texture" },
				"south": { "uv": [ 4, 8, 5, 10 ], "texture": "#texture" },
				"west": { "uv": [ 3, 7, 4, 8 ], "texture": "#texture" },
				"east": { "uv": [ 5, 10, 6, 11 ], "texture": "#texture" }
			}
		},
		{
			"__comment": "Box11",
			"from": [ 9, 5.5, 7.25 ],
			"to": [ 10.5, 6, 8.75 ],
			"faces": {
				"down": { "uv": [ 5, 11, 6, 12 ], "texture": "#texture" },
				"up": { "uv": [ 7, 7, 9, 9 ], "texture": "#texture" },
				"north": { "uv": [ 8, 11, 6, 12 ], "texture": "#texture" },
				"south": { "uv": [ 6, 11, 8, 12 ], "texture": "#texture" },
				"west": { "uv": [ 5, 10, 6, 11 ], "texture": "#texture" },
				"east": { "uv": [ 8, 12, 9, 13 ], "texture": "#texture" }
			}
		},
		{
			"__comment": "Box12",
			"from": [ 4.5, 5.25, 7.5 ],
			"to": [ 5.5, 5.75, 8.5 ],
			"faces": {
				"down": { "uv": [ 5, 11, 6, 12 ], "texture": "#texture" },
				"up": { "uv": [ 7, 7, 9, 9 ], "texture": "#texture" },
				"north": { "uv": [ 5, 11, 6, 12 ], "texture": "#texture" },
				"south": { "uv": [ 5, 11, 6, 12 ], "texture": "#texture" },
				"west": { "uv": [ 5, 11, 6, 12 ], "texture": "#texture" },
				"east": { "uv": [ 4, 10, 5, 11 ], "texture": "#texture" }
			}
		},
		{
			"__comment": "Box13",
			"from": [ 10.5, 5.25, 7.5 ],
			"to": [ 11.5, 5.75, 8.5 ],
			"faces": {
				"down": { "uv": [ 5, 11, 6, 12 ], "texture": "#texture" },
				"up": { "uv": [ 7, 7, 9, 9 ], "texture": "#texture" },
				"north": { "uv": [ 5, 11, 6, 12 ], "texture": "#texture" },
				"south": { "uv": [ 5, 11, 6, 12 ], "texture": "#texture" },
				"west": { "uv": [ 5, 11, 6, 12 ], "texture": "#texture" },
				"east": { "uv": [ 4, 10, 5, 11 ], "texture": "#texture" }
			}
		},
		{
			"__comment": "Box14",
			"from": [ 4.5, 5.75, 7.5 ],
			"to": [ 5.5, 6.25, 8.5 ],
			"faces": {
				"down": { "uv": [ 5, 11, 6, 12 ], "texture": "#texture" },
				"up": { "uv": [ 7, 7, 9, 9 ], "texture": "#texture" },
				"north": { "uv": [ 4, 7, 3, 8 ], "texture": "#texture" },
				"south": { "uv": [ 3, 7, 4, 8 ], "texture": "#texture" },
				"west": { "uv": [ 2, 6, 3, 7 ], "texture": "#texture" },
				"east": { "uv": [ 4, 8, 5, 9 ], "texture": "#texture" }
			}
		},
		{
			"__comment": "Box15",
			"from": [ 10.5, 5.75, 7.5 ],
			"to": [ 11.5, 6.25, 8.5 ],
			"faces": {
				"down": { "uv": [ 5, 11, 6, 12 ], "texture": "#texture" },
				"up": { "uv": [ 7, 7, 9, 9 ], "texture": "#texture" },
				"north": { "uv": [ 9, 12, 8, 13 ], "texture": "#texture" },
				"south": { "uv": [ 8, 12, 9, 13 ], "texture": "#texture" },
				"west": { "uv": [ 7, 11, 8, 12 ], "texture": "#texture" },
				"east": { "uv": [ 9, 13, 10, 14 ], "texture": "#texture" }
			}
		},
		{
			"__comment": "Box16",
			"from": [ 4.5, 6.25, 7.5 ],
			"to": [ 5.5, 6.75, 8.5 ],
			"faces": {
				"down": { "uv": [ 5, 11, 6, 12 ], "texture": "#texture" },
				"up": { "uv": [ 5, 9, 6, 10 ], "texture": "#texture" },
				"north": { "uv": [ 5, 11, 6, 12 ], "texture": "#texture" },
				"south": { "uv": [ 5, 11, 6, 12 ], "texture": "#texture" },
				"west": { "uv": [ 5, 11, 6, 12 ], "texture": "#texture" },
				"east": { "uv": [ 4, 10, 5, 11 ], "texture": "#texture" }
			}
		},
		{
			"__comment": "Box17",
			"from": [ 10.5, 6.25, 7.5 ],
			"to": [ 11.5, 6.75, 8.5 ],
			"faces": {
				"down": { "uv": [ 5, 11, 6, 12 ], "texture": "#texture" },
				"up": { "uv": [ 5, 9, 6, 10 ], "texture": "#texture" },
				"north": { "uv": [ 5, 11, 6, 12 ], "texture": "#texture" },
				"south": { "uv": [ 5, 11, 6, 12 ], "texture": "#texture" },
				"west": { "uv": [ 5, 11, 6, 12 ], "texture": "#texture" },
				"east": { "uv": [ 4, 10, 5, 11 ], "texture": "#texture" }
			}
		},
		{
			"__comment": "Box18",
			"from": [ 4, 5.5, 7.75 ],
			"to": [ 4.5, 6.5, 8.25 ],
			"faces": {
				"down": { "uv": [ 5, 11, 6, 12 ], "texture": "#texture" },
				"up": { "uv": [ 5, 9, 6, 10 ], "texture": "#texture" },
				"north": { "uv": [ 5, 11, 6, 12 ], "texture": "#texture" },
				"south": { "uv": [ 5, 11, 6, 12 ], "texture": "#texture" },
				"west": { "uv": [ 5, 11, 6, 12 ], "texture": "#texture" },
				"east": { "uv": [ 4, 10, 5, 11 ], "texture": "#texture" }
			}
		},
		{
			"__comment": "Box19",
			"from": [ 11.5, 5.5, 7.75 ],
			"to": [ 12, 6.5, 8.25 ],
			"faces": {
				"down": { "uv": [ 5, 11, 6, 12 ], "texture": "#texture" },
				"up": { "uv": [ 5, 9, 6, 10 ], "texture": "#texture" },
				"north": { "uv": [ 5, 11, 6, 12 ], "texture": "#texture" },
				"south": { "uv": [ 5, 11, 6, 12 ], "texture": "#texture" },
				"west": { "uv": [ 5, 11, 6, 12 ], "texture": "#texture" },
				"east": { "uv": [ 4, 10, 5, 11 ], "texture": "#texture" }
			}
		},
		{
			"__comment": "Box20",
			"from": [ 7, 6.375, 7.5 ],
			"to": [ 9, 7.375, 8.5 ],
			"faces": {
				"down": { "uv": [ 15, 0, 16, 1 ], "texture": "#texture" },
				"up": { "uv": [ 14, 2, 15, 3 ], "texture": "#texture" },
				"north": { "uv": [ 6, 8, 9, 9 ], "texture": "#texture" },
				"south": { "uv": [ 6, 8, 9, 9 ], "texture": "#texture" },
				"west": { "uv": [ 6, 8, 9, 9 ], "texture": "#texture" },
				"east": { "uv": [ 6, 8, 9, 9 ], "texture": "#texture" }
			}
		},
		{
			"__comment": "Box21",
			"from": [ 7, 7.375, 7.5 ],
			"to": [ 9, 8.375, 8.5 ],
			"faces": {
				"down": { "uv": [ 15, 0, 16, 1 ], "texture": "#texture" },
				"up": { "uv": [ 14, 2, 15, 3 ], "texture": "#texture" },
				"north": { "uv": [ 10, 4, 13, 5 ], "texture": "#texture" },
				"south": { "uv": [ 10, 4, 13, 5 ], "texture": "#texture" },
				"west": { "uv": [ 10, 4, 13, 5 ], "texture": "#texture" },
				"east": { "uv": [ 10, 4, 13, 5 ], "texture": "#texture" }
			}
		},
		{
			"__comment": "Box22",
			"from": [ 7, 8.375, 7.5 ],
			"to": [ 9, 9.375, 8.5 ],
			"faces": {
				"down": { "uv": [ 15, 0, 16, 1 ], "texture": "#texture" },
				"up": { "uv": [ 14, 2, 15, 3 ], "texture": "#texture" },
				"north": { "uv": [ 10, 4, 13, 5 ], "texture": "#texture" },
				"south": { "uv": [ 10, 4, 13, 5 ], "texture": "#texture" },
				"west": { "uv": [ 10, 4, 13, 5 ], "texture": "#texture" },
				"east": { "uv": [ 10, 4, 13, 5 ], "texture": "#texture" }
			}
		},
		{
			"__comment": "Box23",
			"from": [ 7, 9.375, 7.5 ],
			"to": [ 9, 10.375, 8.5 ],
			"faces": {
				"down": { "uv": [ 15, 0, 16, 1 ], "texture": "#texture" },
				"up": { "uv": [ 14, 2, 15, 3 ], "texture": "#texture" },
				"north": { "uv": [ 10, 4, 13, 5 ], "texture": "#texture" },
				"south": { "uv": [ 10, 4, 13, 5 ], "texture": "#texture" },
				"west": { "uv": [ 10, 4, 13, 5 ], "texture": "#texture" },
				"east": { "uv": [ 10, 4, 13, 5 ], "texture": "#texture" }
			}
		},
		{
			"__comment": "Box24",
			"from": [ 7.25, 10.375, 7.625 ],
			"to": [ 8.75, 11.375, 8.375 ],
			"faces": {
				"down": { "uv": [ 15, 0, 16, 1 ], "texture": "#texture" },
				"up": { "uv": [ 14, 2, 15, 3 ], "texture": "#texture" },
				"north": { "uv": [ 10, 4, 13, 5 ], "texture": "#texture" },
				"south": { "uv": [ 10, 4, 13, 5 ], "texture": "#texture" },
				"west": { "uv": [ 10, 4, 13, 5 ], "texture": "#texture" },
				"east": { "uv": [ 10, 4, 13, 5 ], "texture": "#texture" }
			}
		},
		{
			"__comment": "Box25",
			"from": [ 7.25, 11.375, 7.625 ],
			"to": [ 8.75, 12.375, 8.375 ],
			"faces": {
				"down": { "uv": [ 15, 0, 16, 1 ], "texture": "#texture" },
				"up": { "uv": [ 14, 2, 15, 3 ], "texture": "#texture" },
				"north": { "uv": [ 12, 2, 15, 3 ], "texture": "#texture" },
				"south": { "uv": [ 12, 2, 15, 3 ], "texture": "#texture" },
				"west": { "uv": [ 12, 2, 15, 3 ], "texture": "#texture" },
				"east": { "uv": [ 12, 2, 15, 3 ], "texture": "#texture" }
			}
		},
		{
			"__comment": "Box26",
			"from": [ 7.25, 12.375, 7.625 ],
			"to": [ 8.75, 13.375, 8.375 ],
			"faces": {
				"down": { "uv": [ 15, 0, 16, 1 ], "texture": "#texture" },
				"up": { "uv": [ 14, 2, 15, 3 ], "texture": "#texture" },
				"north": { "uv": [ 12, 2, 15, 3 ], "texture": "#texture" },
				"south": { "uv": [ 12, 2, 15, 3 ], "texture": "#texture" },
				"west": { "uv": [ 12, 2, 15, 3 ], "texture": "#texture" },
				"east": { "uv": [ 12, 2, 15, 3 ], "texture": "#texture" }
			}
		},
		{
			"__comment": "Box27",
			"from": [ 6.5, 6.5, 7.5 ],
			"to": [ 7, 10.4, 8.5 ],
			"faces": {
				"down": { "uv": [ 8, 9, 9, 10 ], "texture": "#texture" },
				"up": { "uv": [ 8, 9, 9, 10 ], "texture": "#texture" },
				"north": { "uv": [ 8, 9, 9, 10 ], "texture": "#texture" },
				"south": { "uv": [ 8, 9, 9, 10 ], "texture": "#texture" },
				"west": { "uv": [ 8, 9, 9, 10 ], "texture": "#texture" },
				"east": { "uv": [ 8, 9, 9, 10 ], "texture": "#texture" }
			}
		},
		{
			"__comment": "Box28",
			"from": [ 9, 6.5, 7.5 ],
			"to": [ 9.5, 10.4, 8.5 ],
			"faces": {
				"down": { "uv": [ 8, 9, 9, 10 ], "texture": "#texture" },
				"up": { "uv": [ 8, 9, 9, 10 ], "texture": "#texture" },
				"north": { "uv": [ 8, 9, 9, 10 ], "texture": "#texture" },
				"south": { "uv": [ 8, 9, 9, 10 ], "texture": "#texture" },
				"west": { "uv": [ 8, 9, 9, 10 ], "texture": "#texture" },
				"east": { "uv": [ 8, 9, 9, 10 ], "texture": "#texture" }
			}
		},
		{
			"__comment": "Box29",
			"from": [ 7.5, 13.375, 7.75 ],
			"to": [ 8.5, 14.375, 8.25 ],
			"faces": {
				"down": { "uv": [ 15, 0, 16, 1 ], "texture": "#texture" },
				"up": { "uv": [ 14, 2, 15, 3 ], "texture": "#texture" },
				"north": { "uv": [ 12, 2, 15, 3 ], "texture": "#texture" },
				"south": { "uv": [ 12, 2, 15, 3 ], "texture": "#texture" },
				"west": { "uv": [ 12, 2, 15, 3 ], "texture": "#texture" },
				"east": { "uv": [ 12, 2, 15, 3 ], "texture": "#texture" }
			}
		},
		{
			"__comment": "Box30",
			"from": [ 7.5, 14.375, 7.75 ],
			"to": [ 8.5, 15.375, 8.25 ],
			"faces": {
				"down": { "uv": [ 15, 0, 16, 1 ], "texture": "#texture" },
				"up": { "uv": [ 14, 2, 15, 3 ], "texture": "#texture" },
				"north": { "uv": [ 12, 2, 15, 3 ], "texture": "#texture" },
				"south": { "uv": [ 12, 2, 15, 3 ], "texture": "#texture" },
				"west": { "uv": [ 12, 2, 15, 3 ], "texture": "#texture" },
				"east": { "uv": [ 12, 2, 15, 3 ], "texture": "#texture" }
			}
		},
		{
			"__comment": "Box31",
			"from": [ 8.75, 10.375, 7.625 ],
			"to": [ 9.25, 13.375, 8.375 ],
			"faces": {
				"down": { "uv": [ 8, 9, 9, 10 ], "texture": "#texture" },
				"up": { "uv": [ 8, 9, 9, 10 ], "texture": "#texture" },
				"north": { "uv": [ 8, 9, 9, 10 ], "texture": "#texture" },
				"south": { "uv": [ 8, 9, 9, 10 ], "texture": "#texture" },
				"west": { "uv": [ 8, 9, 9, 10 ], "texture": "#texture" },
				"east": { "uv": [ 8, 9, 9, 10 ], "texture": "#texture" }
			}
		},
		{
			"__comment": "Box32",
			"from": [ 6.75, 10.375, 7.625 ],
			"to": [ 7.25, 13.375, 8.375 ],
			"faces": {
				"down": { "uv": [ 8, 9, 9, 10 ], "texture": "#texture" },
				"up": { "uv": [ 8, 9, 9, 10 ], "texture": "#texture" },
				"north": { "uv": [ 8, 9, 9, 10 ], "texture": "#texture" },
				"south": { "uv": [ 8, 9, 9, 10 ], "texture": "#texture" },
				"west": { "uv": [ 8, 9, 9, 10 ], "texture": "#texture" },
				"east": { "uv": [ 8, 9, 9, 10 ], "texture": "#texture" }
			}
		},
		{
			"__comment": "Box33",
			"from": [ 7, 13.375, 7.75 ],
			"to": [ 7.5, 15.375, 8.25 ],
			"faces": {
				"down": { "uv": [ 8, 9, 9, 10 ], "texture": "#texture" },
				"up": { "uv": [ 8, 9, 9, 10 ], "texture": "#texture" },
				"north": { "uv": [ 8, 9, 9, 10 ], "texture": "#texture" },
				"south": { "uv": [ 8, 9, 9, 10 ], "texture": "#texture" },
				"west": { "uv": [ 8, 9, 9, 10 ], "texture": "#texture" },
				"east": { "uv": [ 8, 9, 9, 10 ], "texture": "#texture" }
			}
		},
		{
			"__comment": "Box34",
			"from": [ 8.5, 13.375, 7.75 ],
			"to": [ 9, 15.375, 8.25 ],
			"faces": {
				"down": { "uv": [ 8, 9, 9, 10 ], "texture": "#texture" },
				"up": { "uv": [ 8, 9, 9, 10 ], "texture": "#texture" },
				"north": { "uv": [ 8, 9, 9, 10 ], "texture": "#texture" },
				"south": { "uv": [ 8, 9, 9, 10 ], "texture": "#texture" },
				"west": { "uv": [ 8, 9, 9, 10 ], "texture": "#texture" },
				"east": { "uv": [ 8, 9, 9, 10 ], "texture": "#texture" }
			}
		},
		{
			"__comment": "Box35",
			"from": [ 7.75, 15.375, 7.875 ],
			"to": [ 8.25, 16.375, 8.125 ],
			"faces": {
				"down": { "uv": [ 15, 0, 16, 1 ], "texture": "#texture" },
				"up": { "uv": [ 14, 2, 15, 3 ], "texture": "#texture" },
				"north": { "uv": [ 12, 2, 15, 3 ], "texture": "#texture" },
				"south": { "uv": [ 12, 2, 15, 3 ], "texture": "#texture" },
				"west": { "uv": [ 12, 2, 15, 3 ], "texture": "#texture" },
				"east": { "uv": [ 12, 2, 15, 3 ], "texture": "#texture" }
			}
		},
		{
			"__comment": "Box36",
			"from": [ 7.25, 15.375, 7.875 ],
			"to": [ 7.75, 16.375, 8.125 ],
			"faces": {
				"down": { "uv": [ 8, 9, 9, 10 ], "texture": "#texture" },
				"up": { "uv": [ 8, 9, 9, 10 ], "texture": "#texture" },
				"north": { "uv": [ 8, 9, 9, 10 ], "texture": "#texture" },
				"south": { "uv": [ 8, 9, 9, 10 ], "texture": "#texture" },
				"west": { "uv": [ 8, 9, 9, 10 ], "texture": "#texture" },
				"east": { "uv": [ 8, 9, 9, 10 ], "texture": "#texture" }
			}
		},
		{
			"__comment": "Box37",
			"from": [ 8.25, 15.375, 7.875 ],
			"to": [ 8.75, 16.375, 8.125 ],
			"faces": {
				"down": { "uv": [ 8, 9, 9, 10 ], "texture": "#texture" },
				"up": { "uv": [ 8, 9, 9, 10 ], "texture": "#texture" },
				"north": { "uv": [ 8, 9, 9, 10 ], "texture": "#texture" },
				"south": { "uv": [ 8, 9, 9, 10 ], "texture": "#texture" },
				"west": { "uv": [ 8, 9, 9, 10 ], "texture": "#texture" },
				"east": { "uv": [ 8, 9, 9, 10 ], "texture": "#texture" }
			}
		},
		{
			"__comment": "Box38",
			"from": [ 7.5, 16.375, 7.875 ],
			"to": [ 8.5, 16.875, 8.125 ],
			"faces": {
				"down": { "uv": [ 8, 9, 9, 10 ], "texture": "#texture" },
				"up": { "uv": [ 8, 9, 9, 10 ], "texture": "#texture" },
				"north": { "uv": [ 8, 9, 9, 10 ], "texture": "#texture" },
				"south": { "uv": [ 8, 9, 9, 10 ], "texture": "#texture" },
				"west": { "uv": [ 8, 9, 9, 10 ], "texture": "#texture" },
				"east": { "uv": [ 8, 9, 9, 10 ], "texture": "#texture" }
			}
		}
	]
}