{
	"display": {
		"thirdperson_righthand": {
			"rotation":  [ 0, -90, 0 ],
			"translation":  [ 0, 2.7826, 0 ]
		},
		"thirdperson_lefthand": {
			"rotation":  [ 0, -90, 0 ],
			"translation":  [ 0, 2.7826, 0 ]
		},
		"firstperson_righthand": {
			"rotation":  [ 0, -90, 0 ],
			"translation":  [ 0, 2.7826, 0 ]
		},
		"firstperson_lefthand": {
			"rotation":  [ 0, -90, 0 ],
			"translation":  [ 0, 2.7826, 0 ]
		},
		"gui": {
			"rotation":  [ -20, -5, 23 ]
		},
		"head": {
			"rotation":  [ 13, -39, 152 ],
			"translation":  [ 3.4782, 9.0426, 2.7826 ],
			"scale":  [ 1.25, 1.25, 1.25 ]
		},
		"ground": {
			"rotation":  [ 90, 180, 0 ],
			"translation":  [ 0, 0.25, 0 ],
			"scale":  [ 0.5, 0.5, 0.5 ]
		},
		"fixed": {
			"rotation":  [ 0, 185, 35 ]
		}
	}
}